tx_power,rssi,data_status,counter,base64_data,receive_time,ppe_id,anchor_id
127,-84,0,39,CAEQlMjBqtnM8/EFGAEgASoCCAEqBwgCFQAAMD4qBwgDFQAAVD8=,1740403103.055831,ble-pd-B43A31EF7B26,ble-pd-0C4314F46B26
127,-73,0,198,CAEQlMjBqtnM8/EFGAEgASoCCAEqBwgCFQAAMD4qBwgDFQAAVD8=,1740403103.056261,ble-pd-B43A31EF7B26,ble-pd-0C4314F46B3F
127,-75,0,50,CAEQlMjBqtnM8/EFGAEgASoCCAEqBwgCFQAAMD4qBwgDFQAAVD8=,1740403103.056538,ble-pd-B43A31EF7B26,ble-pd-0C4314F469CC
127,-69,0,142,CAEQlMjBqtnM8/EFGAEgASoCCAEqBwgCFQAAMD4qBwgDFQAAVD8=,1740403103.057792,ble-pd-B43A31EF7B26,ble-pd-0C4314F46CC2
0,-200,0,0,CAEQlMjBqtnM8/EFGAEgASoCCAEqBwgCFQAAMD4qBwgDFQAAVD8=,1740403103.071337,ble-pd-B43A31EF7B26,ble-pd-D299A0EB1D6C
0,-200,0,0,CAEQlMjBqtnM8/EFGAEgASoCCAEqBwgCFQAAMD4qBwgDFQAAVD8=,1740403103.074934,ble-pd-B43A31EF7B26,ble-pd-639AA0EB1D6C
0,-200,0,0,CAEQlMjBqtnM8/EFGAEgASoCCAEqBwgCFQAAMD4qBwgDFQAAVD8=,1740403103.086247,ble-pd-B43A31EF7B26,ble-pd-C299A0EB1D6C
127,-68,0,40,CAEQ/8ydlK/D06taGAEgASoCCAEqBwgCFQAAeD4qBwgDFQAAQj8=,1740403104.053778,ble-pd-B43A31EF7B26,ble-pd-0C4314F46B26
127,-77,0,199,CAEQ/8ydlK/D06taGAEgASoCCAEqBwgCFQAAeD4qBwgDFQAAQj8=,1740403104.054664,ble-pd-B43A31EF7B26,ble-pd-0C4314F46B3F
127,-77,0,51,CAEQ/8ydlK/D06taGAEgASoCCAEqBwgCFQAAeD4qBwgDFQAAQj8=,1740403104.056155,ble-pd-B43A31EF7B26,ble-pd-0C4314F469CC
127,-58,0,143,CAEQ/8ydlK/D06taGAEgASoCCAEqBwgCFQAAeD4qBwgDFQAAQj8=,1740403104.056575,ble-pd-B43A31EF7B26,ble-pd-0C4314F46CC2
0,-200,0,0,CAEQ/8ydlK/D06taGAEgASoCCAEqBwgCFQAAeD4qBwgDFQAAQj8=,1740403104.071428,ble-pd-B43A31EF7B26,ble-pd-C299A0EB1D6C
0,-200,0,0,CAEQ/8ydlK/D06taGAEgASoCCAEqBwgCFQAAeD4qBwgDFQAAQj8=,1740403104.076767,ble-pd-B43A31EF7B26,ble-pd-639AA0EB1D6C
0,-200,0,0,CAEQ/8ydlK/D06taGAEgASoCCAEqBwgCFQAAeD4qBwgDFQAAQj8=,1740403104.082106,ble-pd-B43A31EF7B26,ble-pd-D299A0EB1D6C
127,-76,0,41,CAEQ3NKrz+PG4e3OARgBIAEqAggBKgcIAhUAAAA/KgcIAxUAAAA/,1740403105.053952,ble-pd-B43A31EF7B26,ble-pd-0C4314F46B26
127,-73,0,52,CAEQ3NKrz+PG4e3OARgBIAEqAggBKgcIAhUAAAA/KgcIAxUAAAA/,1740403105.054312,ble-pd-B43A31EF7B26,ble-pd-0C4314F469CC
127,-74,0,200,CAEQ3NKrz+PG4e3OARgBIAEqAggBKgcIAhUAAAA/KgcIAxUAAAA/,1740403105.054812,ble-pd-B43A31EF7B26,ble-pd-0C4314F46B3F
127,-64,0,144,CAEQ3NKrz+PG4e3OARgBIAEqAggBKgcIAhUAAAA/KgcIAxUAAAA/,1740403105.056656,ble-pd-B43A31EF7B26,ble-pd-0C4314F46CC2
0,-200,0,0,CAEQ3NKrz+PG4e3OARgBIAEqAggBKgcIAhUAAAA/KgcIAxUAAAA/,1740403105.076361,ble-pd-B43A31EF7B26,ble-pd-C299A0EB1D6C
0,-200,0,0,CAEQ3NKrz+PG4e3OARgBIAEqAggBKgcIAhUAAAA/KgcIAxUAAAA/,1740403105.077374,ble-pd-B43A31EF7B26,ble-pd-639AA0EB1D6C
0,-200,0,0,CAEQ3NKrz+PG4e3OARgBIAEqAggBKgcIAhUAAAA/KgcIAxUAAAA/,1740403105.07868,ble-pd-B43A31EF7B26,ble-pd-D299A0EB1D6C
127,-81,0,201,CAEQnf2rmrjvrZtrGAEgASoCCAEqBwgCFQAAXj8qBwgDFQAACD4=,1740403106.055459,ble-pd-B43A31EF7B26,ble-pd-0C4314F46B3F
127,-62,0,53,CAEQnf2rmrjvrZtrGAEgASoCCAEqBwgCFQAAXj8qBwgDFQAACD4=,1740403106.057853,ble-pd-B43A31EF7B26,ble-pd-0C4314F469CC
127,-60,0,145,CAEQnf2rmrjvrZtrGAEgASoCCAEqBwgCFQAAXj8qBwgDFQAACD4=,1740403106.059765,ble-pd-B43A31EF7B26,ble-pd-0C4314F46CC2
127,-70,0,42,CAEQnf2rmrjvrZtrGAEgASoCCAEqBwgCFQAAXj8qBwgDFQAACD4=,1740403106.060435,ble-pd-B43A31EF7B26,ble-pd-0C4314F46B26
0,-200,0,0,CAEQnf2rmrjvrZtrGAEgASoCCAEqBwgCFQAAXj8qBwgDFQAACD4=,1740403106.076557,ble-pd-B43A31EF7B26,ble-pd-639AA0EB1D6C
0,-200,0,0,CAEQnf2rmrjvrZtrGAEgASoCCAEqBwgCFQAAXj8qBwgDFQAACD4=,1740403106.07689,ble-pd-B43A31EF7B26,ble-pd-D299A0EB1D6C
0,-200,0,0,CAEQnf2rmrjvrZtrGAEgASoCCAEqBwgCFQAAXj8qBwgDFQAACD4=,1740403106.078657,ble-pd-B43A31EF7B26,ble-pd-C299A0EB1D6C
127,-69,0,43,CAEQ0vPbm4Oc87wNGAEgASoCCAEqBwgCFQAALD8qBwgDFQAAqD4=,1740403107.053873,ble-pd-B43A31EF7B26,ble-pd-0C4314F46B26
127,-75,0,202,CAEQ0vPbm4Oc87wNGAEgASoCCAEqBwgCFQAALD8qBwgDFQAAqD4=,1740403107.0541,ble-pd-B43A31EF7B26,ble-pd-0C4314F46B3F
127,-64,0,146,CAEQ0vPbm4Oc87wNGAEgASoCCAEqBwgCFQAALD8qBwgDFQAAqD4=,1740403107.058141,ble-pd-B43A31EF7B26,ble-pd-0C4314F46CC2
127,-64,0,54,CAEQ0vPbm4Oc87wNGAEgASoCCAEqBwgCFQAALD8qBwgDFQAAqD4=,1740403107.065066,ble-pd-B43A31EF7B26,ble-pd-0C4314F469CC
0,-200,0,0,CAEQ0vPbm4Oc87wNGAEgASoCCAEqBwgCFQAALD8qBwgDFQAAqD4=,1740403107.073693,ble-pd-B43A31EF7B26,ble-pd-C299A0EB1D6C
0,-200,0,0,CAEQ0vPbm4Oc87wNGAEgASoCCAEqBwgCFQAALD8qBwgDFQAAqD4=,1740403107.07468,ble-pd-B43A31EF7B26,ble-pd-639AA0EB1D6C
0,-200,0,0,CAEQ0vPbm4Oc87wNGAEgASoCCAEqBwgCFQAALD8qBwgDFQAAqD4=,1740403107.079552,ble-pd-B43A31EF7B26,ble-pd-D299A0EB1D6C
127,-75,0,44,CAEQjq7wwv/QyqcVGAEgASoCCAEqBwgCFQAAXD4qBwgDFQAAST8=,1740403108.053877,ble-pd-B43A31EF7B26,ble-pd-0C4314F46B26
127,-72,0,55,CAEQjq7wwv/QyqcVGAEgASoCCAEqBwgCFQAAXD4qBwgDFQAAST8=,1740403108.054677,ble-pd-B43A31EF7B26,ble-pd-0C4314F469CC
127,-78,0,203,CAEQjq7wwv/QyqcVGAEgASoCCAEqBwgCFQAAXD4qBwgDFQAAST8=,1740403108.058881,ble-pd-B43A31EF7B26,ble-pd-0C4314F46B3F
127,-66,0,147,CAEQjq7wwv/QyqcVGAEgASoCCAEqBwgCFQAAXD4qBwgDFQAAST8=,1740403108.059131,ble-pd-B43A31EF7B26,ble-pd-0C4314F46CC2
0,-200,0,0,CAEQjq7wwv/QyqcVGAEgASoCCAEqBwgCFQAAXD4qBwgDFQAAST8=,1740403108.076188,ble-pd-B43A31EF7B26,ble-pd-C299A0EB1D6C
0,-200,0,0,CAEQjq7wwv/QyqcVGAEgASoCCAEqBwgCFQAAXD4qBwgDFQAAST8=,1740403108.077349,ble-pd-B43A31EF7B26,ble-pd-639AA0EB1D6C
0,-200,0,0,CAEQjq7wwv/QyqcVGAEgASoCCAEqBwgCFQAAXD4qBwgDFQAAST8=,1740403108.0778,ble-pd-B43A31EF7B26,ble-pd-D299A0EB1D6C
127,-65,0,56,CAEQ7LG0rOaqwq9qGAEgASoCCAEqBwgCFQAA7j4qBwgDFQAACT8=,1740403109.054015,ble-pd-B43A31EF7B26,ble-pd-0C4314F469CC
127,-81,0,204,CAEQ7LG0rOaqwq9qGAEgASoCCAEqBwgCFQAA7j4qBwgDFQAACT8=,1740403109.054333,ble-pd-B43A31EF7B26,ble-pd-0C4314F46B3F
127,-62,0,148,CAEQ7LG0rOaqwq9qGAEgASoCCAEqBwgCFQAA7j4qBwgDFQAACT8=,1740403109.055336,ble-pd-B43A31EF7B26,ble-pd-0C4314F46CC2
127,-72,0,45,CAEQ7LG0rOaqwq9qGAEgASoCCAEqBwgCFQAA7j4qBwgDFQAACT8=,1740403109.055923,ble-pd-B43A31EF7B26,ble-pd-0C4314F46B26
0,-200,0,0,CAEQ7LG0rOaqwq9qGAEgASoCCAEqBwgCFQAA7j4qBwgDFQAACT8=,1740403109.075707,ble-pd-B43A31EF7B26,ble-pd-D299A0EB1D6C
0,-200,0,0,CAEQ7LG0rOaqwq9qGAEgASoCCAEqBwgCFQAA7j4qBwgDFQAACT8=,1740403109.078347,ble-pd-B43A31EF7B26,ble-pd-639AA0EB1D6C
0,-200,0,0,CAEQ7LG0rOaqwq9qGAEgASoCCAEqBwgCFQAA7j4qBwgDFQAACT8=,1740403109.084772,ble-pd-B43A31EF7B26,ble-pd-C299A0EB1D6C
127,-73,0,46,CAEQgsuWl6iYnbxfGAEgASoHCAEVAACAOyoHCAIVAADsPioHCAMVAAAJPw==,1740403110.054331,ble-pd-B43A31EF7B26,ble-pd-0C4314F46B26
127,-70,0,149,CAEQgsuWl6iYnbxfGAEgASoHCAEVAACAOyoHCAIVAADsPioHCAMVAAAJPw==,1740403110.055629,ble-pd-B43A31EF7B26,ble-pd-0C4314F46CC2
127,-68,0,57,CAEQgsuWl6iYnbxfGAEgASoHCAEVAACAOyoHCAIVAADsPioHCAMVAAAJPw==,1740403110.056856,ble-pd-B43A31EF7B26,ble-pd-0C4314F469CC
127,-81,0,205,CAEQgsuWl6iYnbxfGAEgASoHCAEVAACAOyoHCAIVAADsPioHCAMVAAAJPw==,1740403110.057951,ble-pd-B43A31EF7B26,ble-pd-0C4314F46B3F
0,-200,0,0,CAEQgsuWl6iYnbxfGAEgASoHCAEVAACAOyoHCAIVAADsPioHCAMVAAAJPw==,1740403110.07111,ble-pd-B43A31EF7B26,ble-pd-C299A0EB1D6C
0,-200,0,0,CAEQgsuWl6iYnbxfGAEgASoHCAEVAACAOyoHCAIVAADsPioHCAMVAAAJPw==,1740403110.07721,ble-pd-B43A31EF7B26,ble-pd-639AA0EB1D6C
0,-200,0,0,CAEQgsuWl6iYnbxfGAEgASoHCAEVAACAOyoHCAIVAADsPioHCAMVAAAJPw==,1740403110.081139,ble-pd-B43A31EF7B26,ble-pd-D299A0EB1D6C
127,-74,0,58,CAEQo4WT9LrC2ekRGAEgASoCCAEqBwgCFQAAQj8qBwgDFQAAeD4=,1740403111.053654,ble-pd-B43A31EF7B26,ble-pd-0C4314F469CC
127,-62,0,47,CAEQo4WT9LrC2ekRGAEgASoCCAEqBwgCFQAAQj8qBwgDFQAAeD4=,1740403111.05438,ble-pd-B43A31EF7B26,ble-pd-0C4314F46B26
127,-67,0,150,CAEQo4WT9LrC2ekRGAEgASoCCAEqBwgCFQAAQj8qBwgDFQAAeD4=,1740403111.058651,ble-pd-B43A31EF7B26,ble-pd-0C4314F46CC2
127,-83,0,206,CAEQo4WT9LrC2ekRGAEgASoCCAEqBwgCFQAAQj8qBwgDFQAAeD4=,1740403111.066171,ble-pd-B43A31EF7B26,ble-pd-0C4314F46B3F
0,-200,0,0,CAEQo4WT9LrC2ekRGAEgASoCCAEqBwgCFQAAQj8qBwgDFQAAeD4=,1740403111.076157,ble-pd-B43A31EF7B26,ble-pd-D299A0EB1D6C
0,-200,0,0,CAEQo4WT9LrC2ekRGAEgASoCCAEqBwgCFQAAQj8qBwgDFQAAeD4=,1740403111.077947,ble-pd-B43A31EF7B26,ble-pd-C299A0EB1D6C
0,-200,0,0,CAEQo4WT9LrC2ekRGAEgASoCCAEqBwgCFQAAQj8qBwgDFQAAeD4=,1740403111.08947,ble-pd-B43A31EF7B26,ble-pd-639AA0EB1D6C
127,-67,0,151,CAEQ2pul1r+E9aXuARgBIAEqAggBKgcIAhUAABI/KgcIAxUAANw+,1740403112.054086,ble-pd-B43A31EF7B26,ble-pd-0C4314F46CC2
127,-65,0,48,CAEQ2pul1r+E9aXuARgBIAEqAggBKgcIAhUAABI/KgcIAxUAANw+,1740403112.054331,ble-pd-B43A31EF7B26,ble-pd-0C4314F46B26
127,-77,0,207,CAEQ2pul1r+E9aXuARgBIAEqAggBKgcIAhUAABI/KgcIAxUAANw+,1740403112.056488,ble-pd-B43A31EF7B26,ble-pd-0C4314F46B3F
127,-75,0,59,CAEQ2pul1r+E9aXuARgBIAEqAggBKgcIAhUAABI/KgcIAxUAANw+,1740403112.064077,ble-pd-B43A31EF7B26,ble-pd-0C4314F469CC
0,-200,0,0,CAEQ2pul1r+E9aXuARgBIAEqAggBKgcIAhUAABI/KgcIAxUAANw+,1740403112.072102,ble-pd-B43A31EF7B26,ble-pd-C299A0EB1D6C
0,-200,0,0,CAEQ2pul1r+E9aXuARgBIAEqAggBKgcIAhUAABI/KgcIAxUAANw+,1740403112.079198,ble-pd-B43A31EF7B26,ble-pd-639AA0EB1D6C
0,-200,0,0,CAEQ2pul1r+E9aXuARgBIAEqAggBKgcIAhUAABI/KgcIAxUAANw+,1740403112.090842,ble-pd-B43A31EF7B26,ble-pd-D299A0EB1D6C
127,-62,0,49,CAEQlpvn8rvkuOtxGAEgASoCCAEqBwgCFQAAfT8qBwgDFQAAQDw=,1740403113.054369,ble-pd-B43A31EF7B26,ble-pd-0C4314F46B26
127,-72,0,60,CAEQlpvn8rvkuOtxGAEgASoCCAEqBwgCFQAAfT8qBwgDFQAAQDw=,1740403113.054744,ble-pd-B43A31EF7B26,ble-pd-0C4314F469CC
127,-69,0,152,CAEQlpvn8rvkuOtxGAEgASoCCAEqBwgCFQAAfT8qBwgDFQAAQDw=,1740403113.05649,ble-pd-B43A31EF7B26,ble-pd-0C4314F46CC2
127,-78,0,208,CAEQlpvn8rvkuOtxGAEgASoCCAEqBwgCFQAAfT8qBwgDFQAAQDw=,1740403113.058475,ble-pd-B43A31EF7B26,ble-pd-0C4314F46B3F
0,-200,0,0,CAEQlpvn8rvkuOtxGAEgASoCCAEqBwgCFQAAfT8qBwgDFQAAQDw=,1740403113.072218,ble-pd-B43A31EF7B26,ble-pd-D299A0EB1D6C
0,-200,0,0,CAEQlpvn8rvkuOtxGAEgASoCCAEqBwgCFQAAfT8qBwgDFQAAQDw=,1740403113.077545,ble-pd-B43A31EF7B26,ble-pd-C299A0EB1D6C
0,-200,0,0,CAEQlpvn8rvkuOtxGAEgASoCCAEqBwgCFQAAfT8qBwgDFQAAQDw=,1740403113.078937,ble-pd-B43A31EF7B26,ble-pd-639AA0EB1D6C
127,-77,0,61,CAEQuv3AscGWrvYaGAEgASoCCAEqBwgCFQAAdz8qBwgDFQAAED0=,1740403114.054672,ble-pd-B43A31EF7B26,ble-pd-0C4314F469CC
127,-74,0,50,CAEQuv3AscGWrvYaGAEgASoCCAEqBwgCFQAAdz8qBwgDFQAAED0=,1740403114.057157,ble-pd-B43A31EF7B26,ble-pd-0C4314F46B26
127,-81,0,209,CAEQuv3AscGWrvYaGAEgASoCCAEqBwgCFQAAdz8qBwgDFQAAED0=,1740403114.059227,ble-pd-B43A31EF7B26,ble-pd-0C4314F46B3F
127,-70,0,153,CAEQuv3AscGWrvYaGAEgASoCCAEqBwgCFQAAdz8qBwgDFQAAED0=,1740403114.062572,ble-pd-B43A31EF7B26,ble-pd-0C4314F46CC2
0,-200,0,0,CAEQuv3AscGWrvYaGAEgASoCCAEqBwgCFQAAdz8qBwgDFQAAED0=,1740403114.074739,ble-pd-B43A31EF7B26,ble-pd-C299A0EB1D6C
0,-200,0,0,CAEQuv3AscGWrvYaGAEgASoCCAEqBwgCFQAAdz8qBwgDFQAAED0=,1740403114.077189,ble-pd-B43A31EF7B26,ble-pd-D299A0EB1D6C
0,-200,0,0,CAEQuv3AscGWrvYaGAEgASoCCAEqBwgCFQAAdz8qBwgDFQAAED0=,1740403114.086112,ble-pd-B43A31EF7B26,ble-pd-639AA0EB1D6C
127,-69,0,62,CAEQ5Pir1+XbyLaYARgBIAEqAggBKgcIAhUAAEk/KgcIAxUAAFw+,1740403115.055249,ble-pd-B43A31EF7B26,ble-pd-0C4314F469CC
127,-50,0,51,CAEQ5Pir1+XbyLaYARgBIAEqAggBKgcIAhUAAEk/KgcIAxUAAFw+,1740403115.055577,ble-pd-B43A31EF7B26,ble-pd-0C4314F46B26
127,-67,0,154,CAEQ5Pir1+XbyLaYARgBIAEqAggBKgcIAhUAAEk/KgcIAxUAAFw+,1740403115.05663,ble-pd-B43A31EF7B26,ble-pd-0C4314F46CC2
127,-74,0,210,CAEQ5Pir1+XbyLaYARgBIAEqAggBKgcIAhUAAEk/KgcIAxUAAFw+,1740403115.059107,ble-pd-B43A31EF7B26,ble-pd-0C4314F46B3F
0,-200,0,0,CAEQ5Pir1+XbyLaYARgBIAEqAggBKgcIAhUAAEk/KgcIAxUAAFw+,1740403115.075729,ble-pd-B43A31EF7B26,ble-pd-C299A0EB1D6C
0,-200,0,0,CAEQ5Pir1+XbyLaYARgBIAEqAggBKgcIAhUAAEk/KgcIAxUAAFw+,1740403115.077102,ble-pd-B43A31EF7B26,ble-pd-639AA0EB1D6C
0,-200,0,0,CAEQ5Pir1+XbyLaYARgBIAEqAggBKgcIAhUAAEk/KgcIAxUAAFw+,1740403115.078119,ble-pd-B43A31EF7B26,ble-pd-D299A0EB1D6C
127,-73,0,63,CAEQsJfLg+fvxpr6ARgBIAEqAggBKgcIAhUAAHY/KgcIAxUAACA9,1740403116.051276,ble-pd-B43A31EF7B26,ble-pd-0C4314F469CC
127,-60,0,52,CAEQsJfLg+fvxpr6ARgBIAEqAggBKgcIAhUAAHY/KgcIAxUAACA9,1740403116.051631,ble-pd-B43A31EF7B26,ble-pd-0C4314F46B26
127,-84,0,211,CAEQsJfLg+fvxpr6ARgBIAEqAggBKgcIAhUAAHY/KgcIAxUAACA9,1740403116.054749,ble-pd-B43A31EF7B26,ble-pd-0C4314F46B3F
127,-68,0,155,CAEQsJfLg+fvxpr6ARgBIAEqAggBKgcIAhUAAHY/KgcIAxUAACA9,1740403116.055195,ble-pd-B43A31EF7B26,ble-pd-0C4314F46CC2
0,-200,0,0,CAEQsJfLg+fvxpr6ARgBIAEqAggBKgcIAhUAAHY/KgcIAxUAACA9,1740403116.080378,ble-pd-B43A31EF7B26,ble-pd-C299A0EB1D6C
0,-200,0,0,CAEQsJfLg+fvxpr6ARgBIAEqAggBKgcIAhUAAHY/KgcIAxUAACA9,1740403116.081858,ble-pd-B43A31EF7B26,ble-pd-D299A0EB1D6C
0,-200,0,0,CAEQsJfLg+fvxpr6ARgBIAEqAggBKgcIAhUAAHY/KgcIAxUAACA9,1740403116.083312,ble-pd-B43A31EF7B26,ble-pd-639AA0EB1D6C
127,-70,0,64,CAEQ6dPWuaix+ob5ARgBIAEqAggBKgcIAhUAAF4/KgcIAxUAAAg+,1740403117.055742,ble-pd-B43A31EF7B26,ble-pd-0C4314F469CC
127,-63,0,53,CAEQ6dPWuaix+ob5ARgBIAEqAggBKgcIAhUAAF4/KgcIAxUAAAg+,1740403117.056531,ble-pd-B43A31EF7B26,ble-pd-0C4314F46B26
127,-75,0,212,CAEQ6dPWuaix+ob5ARgBIAEqAggBKgcIAhUAAF4/KgcIAxUAAAg+,1740403117.05701,ble-pd-B43A31EF7B26,ble-pd-0C4314F46B3F
127,-87,0,156,CAEQ6dPWuaix+ob5ARgBIAEqAggBKgcIAhUAAF4/KgcIAxUAAAg+,1740403117.058389,ble-pd-B43A31EF7B26,ble-pd-0C4314F46CC2
0,-200,0,0,CAEQ6dPWuaix+ob5ARgBIAEqAggBKgcIAhUAAF4/KgcIAxUAAAg+,1740403117.077616,ble-pd-B43A31EF7B26,ble-pd-639AA0EB1D6C
0,-200,0,0,CAEQ6dPWuaix+ob5ARgBIAEqAggBKgcIAhUAAF4/KgcIAxUAAAg+,1740403117.07975,ble-pd-B43A31EF7B26,ble-pd-D299A0EB1D6C
0,-200,0,0,CAEQ6dPWuaix+ob5ARgBIAEqAggBKgcIAhUAAF4/KgcIAxUAAAg+,1740403117.084992,ble-pd-B43A31EF7B26,ble-pd-C299A0EB1D6C
127,-77,0,157,CAEQztHM5IfKt8aRARgBIAEqBwgBFQAAgDsqBwgCFQAALD8qBwgDFQAAqD4=,1740403118.051572,ble-pd-B43A31EF7B26,ble-pd-0C4314F46CC2
127,-72,0,65,CAEQztHM5IfKt8aRARgBIAEqBwgBFQAAgDsqBwgCFQAALD8qBwgDFQAAqD4=,1740403118.054197,ble-pd-B43A31EF7B26,ble-pd-0C4314F469CC
127,-68,0,54,CAEQztHM5IfKt8aRARgBIAEqBwgBFQAAgDsqBwgCFQAALD8qBwgDFQAAqD4=,1740403118.054671,ble-pd-B43A31EF7B26,ble-pd-0C4314F46B26
127,-72,0,213,CAEQztHM5IfKt8aRARgBIAEqBwgBFQAAgDsqBwgCFQAALD8qBwgDFQAAqD4=,1740403118.059308,ble-pd-B43A31EF7B26,ble-pd-0C4314F46B3F
0,-200,0,0,CAEQztHM5IfKt8aRARgBIAEqBwgBFQAAgDsqBwgCFQAALD8qBwgDFQAAqD4=,1740403118.079065,ble-pd-B43A31EF7B26,ble-pd-D299A0EB1D6C
0,-200,0,0,CAEQztHM5IfKt8aRARgBIAEqBwgBFQAAgDsqBwgCFQAALD8qBwgDFQAAqD4=,1740403118.079302,ble-pd-B43A31EF7B26,ble-pd-C299A0EB1D6C
0,-200,0,0,CAEQztHM5IfKt8aRARgBIAEqBwgBFQAAgDsqBwgCFQAALD8qBwgDFQAAqD4=,1740403118.081847,ble-pd-B43A31EF7B26,ble-pd-639AA0EB1D6C
127,-78,0,158,CAEQhdns4pvojeR5GAEgASoCCAEqBwgCFQAAqD4qBwgDFQAALD8=,1740403119.055861,ble-pd-B43A31EF7B26,ble-pd-0C4314F46CC2
127,-69,0,214,CAEQhdns4pvojeR5GAEgASoCCAEqBwgCFQAAqD4qBwgDFQAALD8=,1740403119.056331,ble-pd-B43A31EF7B26,ble-pd-0C4314F46B3F
127,-66,0,55,CAEQhdns4pvojeR5GAEgASoCCAEqBwgCFQAAqD4qBwgDFQAALD8=,1740403119.060099,ble-pd-B43A31EF7B26,ble-pd-0C4314F46B26
127,-68,0,66,CAEQhdns4pvojeR5GAEgASoCCAEqBwgCFQAAqD4qBwgDFQAALD8=,1740403119.061149,ble-pd-B43A31EF7B26,ble-pd-0C4314F469CC
0,-200,0,0,CAEQhdns4pvojeR5GAEgASoCCAEqBwgCFQAAqD4qBwgDFQAALD8=,1740403119.079406,ble-pd-B43A31EF7B26,ble-pd-639AA0EB1D6C
0,-200,0,0,CAEQhdns4pvojeR5GAEgASoCCAEqBwgCFQAAqD4qBwgDFQAALD8=,1740403119.079915,ble-pd-B43A31EF7B26,ble-pd-D299A0EB1D6C
0,-200,0,0,CAEQhdns4pvojeR5GAEgASoCCAEqBwgCFQAAqD4qBwgDFQAALD8=,1740403119.08411,ble-pd-B43A31EF7B26,ble-pd-C299A0EB1D6C
127,-77,0,159,CAEQovmfqYay++PNARgBIAEqAggBKgcIAhUAAGA9KgcIAxUAAHI/,1740403120.054392,ble-pd-B43A31EF7B26,ble-pd-0C4314F46CC2
127,-70,0,67,CAEQovmfqYay++PNARgBIAEqAggBKgcIAhUAAGA9KgcIAxUAAHI/,1740403120.056591,ble-pd-B43A31EF7B26,ble-pd-0C4314F469CC
127,-86,0,215,CAEQovmfqYay++PNARgBIAEqAggBKgcIAhUAAGA9KgcIAxUAAHI/,1740403120.057029,ble-pd-B43A31EF7B26,ble-pd-0C4314F46B3F
127,-81,0,56,CAEQovmfqYay++PNARgBIAEqAggBKgcIAhUAAGA9KgcIAxUAAHI/,1740403120.058815,ble-pd-B43A31EF7B26,ble-pd-0C4314F46B26
0,-200,0,0,CAEQovmfqYay++PNARgBIAEqAggBKgcIAhUAAGA9KgcIAxUAAHI/,1740403120.076848,ble-pd-B43A31EF7B26,ble-pd-D299A0EB1D6C
0,-200,0,0,CAEQovmfqYay++PNARgBIAEqAggBKgcIAhUAAGA9KgcIAxUAAHI/,1740403120.07922,ble-pd-B43A31EF7B26,ble-pd-639AA0EB1D6C
0,-200,0,0,CAEQovmfqYay++PNARgBIAEqAggBKgcIAhUAAGA9KgcIAxUAAHI/,1740403120.084035,ble-pd-B43A31EF7B26,ble-pd-C299A0EB1D6C
127,-67,0,68,CAEQ3orV6tSoh87aARgBIAEqAggBKgcIAhUAALg9KgcIAxUAAGk/,1740403121.054009,ble-pd-B43A31EF7B26,ble-pd-0C4314F469CC
127,-67,0,57,CAEQ3orV6tSoh87aARgBIAEqAggBKgcIAhUAALg9KgcIAxUAAGk/,1740403121.055106,ble-pd-B43A31EF7B26,ble-pd-0C4314F46B26
127,-82,0,160,CAEQ3orV6tSoh87aARgBIAEqAggBKgcIAhUAALg9KgcIAxUAAGk/,1740403121.055481,ble-pd-B43A31EF7B26,ble-pd-0C4314F46CC2
127,-79,0,216,CAEQ3orV6tSoh87aARgBIAEqAggBKgcIAhUAALg9KgcIAxUAAGk/,1740403121.055831,ble-pd-B43A31EF7B26,ble-pd-0C4314F46B3F
0,-200,0,0,CAEQ3orV6tSoh87aARgBIAEqAggBKgcIAhUAALg9KgcIAxUAAGk/,1740403121.078649,ble-pd-B43A31EF7B26,ble-pd-C299A0EB1D6C
0,-200,0,0,CAEQ3orV6tSoh87aARgBIAEqAggBKgcIAhUAALg9KgcIAxUAAGk/,1740403121.081298,ble-pd-B43A31EF7B26,ble-pd-639AA0EB1D6C
0,-200,0,0,CAEQ3orV6tSoh87aARgBIAEqAggBKgcIAhUAALg9KgcIAxUAAGk/,1740403121.082292,ble-pd-B43A31EF7B26,ble-pd-D299A0EB1D6C
127,-73,0,217,CAEQgYrilf+28ZBKGAEgASoCCAEqBwgCFQAAiD4qBwgDFQAAOz8=,1740403122.051649,ble-pd-B43A31EF7B26,ble-pd-0C4314F46B3F
127,-69,0,58,CAEQgYrilf+28ZBKGAEgASoCCAEqBwgCFQAAiD4qBwgDFQAAOz8=,1740403122.058336,ble-pd-B43A31EF7B26,ble-pd-0C4314F46B26
127,-62,0,69,CAEQgYrilf+28ZBKGAEgASoCCAEqBwgCFQAAiD4qBwgDFQAAOz8=,1740403122.059465,ble-pd-B43A31EF7B26,ble-pd-0C4314F469CC
127,-69,0,161,CAEQgYrilf+28ZBKGAEgASoCCAEqBwgCFQAAiD4qBwgDFQAAOz8=,1740403122.064429,ble-pd-B43A31EF7B26,ble-pd-0C4314F46CC2
0,-200,0,0,CAEQgYrilf+28ZBKGAEgASoCCAEqBwgCFQAAiD4qBwgDFQAAOz8=,1740403122.069731,ble-pd-B43A31EF7B26,ble-pd-C299A0EB1D6C
0,-200,0,0,CAEQgYrilf+28ZBKGAEgASoCCAEqBwgCFQAAiD4qBwgDFQAAOz8=,1740403122.075087,ble-pd-B43A31EF7B26,ble-pd-D299A0EB1D6C
0,-200,0,0,CAEQgYrilf+28ZBKGAEgASoCCAEqBwgCFQAAiD4qBwgDFQAAOz8=,1740403122.107803,ble-pd-B43A31EF7B26,ble-pd-639AA0EB1D6C
127,-81,0,59,CAEQv8Luk6z859GcARgBIAEqAggBKgcIAhUAAJg+KgcIAxUAADQ/,1740403123.054849,ble-pd-B43A31EF7B26,ble-pd-0C4314F46B26
127,-78,0,218,CAEQv8Luk6z859GcARgBIAEqAggBKgcIAhUAAJg+KgcIAxUAADQ/,1740403123.058112,ble-pd-B43A31EF7B26,ble-pd-0C4314F46B3F
127,-62,0,70,CAEQv8Luk6z859GcARgBIAEqAggBKgcIAhUAAJg+KgcIAxUAADQ/,1740403123.059346,ble-pd-B43A31EF7B26,ble-pd-0C4314F469CC
127,-81,0,162,CAEQv8Luk6z859GcARgBIAEqAggBKgcIAhUAAJg+KgcIAxUAADQ/,1740403123.061361,ble-pd-B43A31EF7B26,ble-pd-0C4314F46CC2
0,-200,0,0,CAEQv8Luk6z859GcARgBIAEqAggBKgcIAhUAAJg+KgcIAxUAADQ/,1740403123.082221,ble-pd-B43A31EF7B26,ble-pd-639AA0EB1D6C
0,-200,0,0,CAEQv8Luk6z859GcARgBIAEqAggBKgcIAhUAAJg+KgcIAxUAADQ/,1740403123.083371,ble-pd-B43A31EF7B26,ble-pd-C299A0EB1D6C
0,-200,0,0,CAEQv8Luk6z859GcARgBIAEqAggBKgcIAhUAAJg+KgcIAxUAADQ/,1740403123.086205,ble-pd-B43A31EF7B26,ble-pd-D299A0EB1D6C
127,-65,0,163,CAEQmMaL+M6Ig+rbARgBIAEqAggBKgcIAhUAAFQ/KgcIAxUAADA+,1740403124.05456,ble-pd-B43A31EF7B26,ble-pd-0C4314F46CC2
127,-74,0,71,CAEQmMaL+M6Ig+rbARgBIAEqAggBKgcIAhUAAFQ/KgcIAxUAADA+,1740403124.054984,ble-pd-B43A31EF7B26,ble-pd-0C4314F469CC
127,-74,0,60,CAEQmMaL+M6Ig+rbARgBIAEqAggBKgcIAhUAAFQ/KgcIAxUAADA+,1740403124.055681,ble-pd-B43A31EF7B26,ble-pd-0C4314F46B26
127,-69,0,219,CAEQmMaL+M6Ig+rbARgBIAEqAggBKgcIAhUAAFQ/KgcIAxUAADA+,1740403124.058976,ble-pd-B43A31EF7B26,ble-pd-0C4314F46B3F
0,-200,0,0,CAEQmMaL+M6Ig+rbARgBIAEqAggBKgcIAhUAAFQ/KgcIAxUAADA+,1740403124.077435,ble-pd-B43A31EF7B26,ble-pd-C299A0EB1D6C
0,-200,0,0,CAEQmMaL+M6Ig+rbARgBIAEqAggBKgcIAhUAAFQ/KgcIAxUAADA+,1740403124.081309,ble-pd-B43A31EF7B26,ble-pd-D299A0EB1D6C
0,-200,0,0,CAEQmMaL+M6Ig+rbARgBIAEqAggBKgcIAhUAAFQ/KgcIAxUAADA+,1740403124.086087,ble-pd-B43A31EF7B26,ble-pd-639AA0EB1D6C
127,-68,0,72,CAEQ6afgha+q65xEGAEgASoCCAEqBwgCFQAAID0qBwgDFQAAdj8=,1740403125.054421,ble-pd-B43A31EF7B26,ble-pd-0C4314F469CC
127,-70,0,220,CAEQ6afgha+q65xEGAEgASoCCAEqBwgCFQAAID0qBwgDFQAAdj8=,1740403125.057302,ble-pd-B43A31EF7B26,ble-pd-0C4314F46B3F
127,-67,0,61,CAEQ6afgha+q65xEGAEgASoCCAEqBwgCFQAAID0qBwgDFQAAdj8=,1740403125.05902,ble-pd-B43A31EF7B26,ble-pd-0C4314F46B26
127,-65,0,164,CAEQ6afgha+q65xEGAEgASoCCAEqBwgCFQAAID0qBwgDFQAAdj8=,1740403125.060271,ble-pd-B43A31EF7B26,ble-pd-0C4314F46CC2
0,-200,0,0,CAEQ6afgha+q65xEGAEgASoCCAEqBwgCFQAAID0qBwgDFQAAdj8=,1740403125.078668,ble-pd-B43A31EF7B26,ble-pd-C299A0EB1D6C
0,-200,0,0,CAEQ6afgha+q65xEGAEgASoCCAEqBwgCFQAAID0qBwgDFQAAdj8=,1740403125.079178,ble-pd-B43A31EF7B26,ble-pd-639AA0EB1D6C
0,-200,0,0,CAEQ6afgha+q65xEGAEgASoCCAEqBwgCFQAAID0qBwgDFQAAdj8=,1740403125.094877,ble-pd-B43A31EF7B26,ble-pd-D299A0EB1D6C
127,-67,0,62,CAEQ0szQ44eKz43rARgBIAEqAggBKgcIAhUAAAg+KgcIAxUAAF4/,1740403126.055764,ble-pd-B43A31EF7B26,ble-pd-0C4314F46B26
127,-73,0,221,CAEQ0szQ44eKz43rARgBIAEqAggBKgcIAhUAAAg+KgcIAxUAAF4/,1740403126.056237,ble-pd-B43A31EF7B26,ble-pd-0C4314F46B3F
127,-60,0,73,CAEQ0szQ44eKz43rARgBIAEqAggBKgcIAhUAAAg+KgcIAxUAAF4/,1740403126.057214,ble-pd-B43A31EF7B26,ble-pd-0C4314F469CC
127,-69,0,165,CAEQ0szQ44eKz43rARgBIAEqAggBKgcIAhUAAAg+KgcIAxUAAF4/,1740403126.057627,ble-pd-B43A31EF7B26,ble-pd-0C4314F46CC2
0,-200,0,0,CAEQ0szQ44eKz43rARgBIAEqAggBKgcIAhUAAAg+KgcIAxUAAF4/,1740403126.076646,ble-pd-B43A31EF7B26,ble-pd-D299A0EB1D6C
0,-200,0,0,CAEQ0szQ44eKz43rARgBIAEqAggBKgcIAhUAAAg+KgcIAxUAAF4/,1740403126.081871,ble-pd-B43A31EF7B26,ble-pd-639AA0EB1D6C
0,-200,0,0,CAEQ0szQ44eKz43rARgBIAEqAggBKgcIAhUAAAg+KgcIAxUAAF4/,1740403126.091068,ble-pd-B43A31EF7B26,ble-pd-C299A0EB1D6C
127,-59,0,74,CAEQhL3t0fzSu6EwGAEgASoCCAEqBwgCFQAACT8qBwgDFQAA7j4=,1740403127.056248,ble-pd-B43A31EF7B26,ble-pd-0C4314F469CC
127,-67,0,222,CAEQhL3t0fzSu6EwGAEgASoCCAEqBwgCFQAACT8qBwgDFQAA7j4=,1740403127.056682,ble-pd-B43A31EF7B26,ble-pd-0C4314F46B3F
127,-67,0,166,CAEQhL3t0fzSu6EwGAEgASoCCAEqBwgCFQAACT8qBwgDFQAA7j4=,1740403127.057882,ble-pd-B43A31EF7B26,ble-pd-0C4314F46CC2
127,-70,0,63,CAEQhL3t0fzSu6EwGAEgASoCCAEqBwgCFQAACT8qBwgDFQAA7j4=,1740403127.062128,ble-pd-B43A31EF7B26,ble-pd-0C4314F46B26
0,-200,0,0,CAEQhL3t0fzSu6EwGAEgASoCCAEqBwgCFQAACT8qBwgDFQAA7j4=,1740403127.075431,ble-pd-B43A31EF7B26,ble-pd-D299A0EB1D6C
0,-200,0,0,CAEQhL3t0fzSu6EwGAEgASoCCAEqBwgCFQAACT8qBwgDFQAA7j4=,1740403127.078749,ble-pd-B43A31EF7B26,ble-pd-639AA0EB1D6C
0,-200,0,0,CAEQhL3t0fzSu6EwGAEgASoCCAEqBwgCFQAACT8qBwgDFQAA7j4=,1740403127.081542,ble-pd-B43A31EF7B26,ble-pd-C299A0EB1D6C
127,-65,0,167,CAEQyqW5hNqC7v9bGAEgASoHCAEVAACAOyoHCAIVAACIPioHCAMVAAA7Pw==,1740403128.055706,ble-pd-B43A31EF7B26,ble-pd-0C4314F46CC2
127,-79,0,64,CAEQyqW5hNqC7v9bGAEgASoHCAEVAACAOyoHCAIVAACIPioHCAMVAAA7Pw==,1740403128.056197,ble-pd-B43A31EF7B26,ble-pd-0C4314F46B26
127,-73,0,223,CAEQyqW5hNqC7v9bGAEgASoHCAEVAACAOyoHCAIVAACIPioHCAMVAAA7Pw==,1740403128.056675,ble-pd-B43A31EF7B26,ble-pd-0C4314F46B3F
127,-59,0,75,CAEQyqW5hNqC7v9bGAEgASoHCAEVAACAOyoHCAIVAACIPioHCAMVAAA7Pw==,1740403128.064905,ble-pd-B43A31EF7B26,ble-pd-0C4314F469CC
0,-200,0,0,CAEQyqW5hNqC7v9bGAEgASoHCAEVAACAOyoHCAIVAACIPioHCAMVAAA7Pw==,1740403128.077003,ble-pd-B43A31EF7B26,ble-pd-C299A0EB1D6C
0,-200,0,0,CAEQyqW5hNqC7v9bGAEgASoHCAEVAACAOyoHCAIVAACIPioHCAMVAAA7Pw==,1740403128.078914,ble-pd-B43A31EF7B26,ble-pd-639AA0EB1D6C
0,-200,0,0,CAEQyqW5hNqC7v9bGAEgASoHCAEVAACAOyoHCAIVAACIPioHCAMVAAA7Pw==,1740403128.079859,ble-pd-B43A31EF7B26,ble-pd-D299A0EB1D6C
127,-73,0,224,CAEQwvTMxvzH0vZKGAEgASoHCAEVAACAOyoHCAIVAADuPioHCAMVAAAJPw==,1740403129.054339,ble-pd-B43A31EF7B26,ble-pd-0C4314F46B3F
127,-70,0,168,CAEQwvTMxvzH0vZKGAEgASoHCAEVAACAOyoHCAIVAADuPioHCAMVAAAJPw==,1740403129.054646,ble-pd-B43A31EF7B26,ble-pd-0C4314F46CC2
127,-51,0,76,CAEQwvTMxvzH0vZKGAEgASoHCAEVAACAOyoHCAIVAADuPioHCAMVAAAJPw==,1740403129.056283,ble-pd-B43A31EF7B26,ble-pd-0C4314F469CC
127,-72,0,65,CAEQwvTMxvzH0vZKGAEgASoHCAEVAACAOyoHCAIVAADuPioHCAMVAAAJPw==,1740403129.057303,ble-pd-B43A31EF7B26,ble-pd-0C4314F46B26
0,-200,0,0,CAEQwvTMxvzH0vZKGAEgASoHCAEVAACAOyoHCAIVAADuPioHCAMVAAAJPw==,1740403129.081397,ble-pd-B43A31EF7B26,ble-pd-D299A0EB1D6C
0,-200,0,0,CAEQwvTMxvzH0vZKGAEgASoHCAEVAACAOyoHCAIVAADuPioHCAMVAAAJPw==,1740403129.083488,ble-pd-B43A31EF7B26,ble-pd-C299A0EB1D6C
0,-200,0,0,CAEQwvTMxvzH0vZKGAEgASoHCAEVAACAOyoHCAIVAADuPioHCAMVAAAJPw==,1740403129.08632,ble-pd-B43A31EF7B26,ble-pd-639AA0EB1D6C
127,-50,0,77,CAEQuY236+qKmd+pARgBIAEqAggBKgcIAhUAAHY/KgcIAxUAACA9,1740403130.054457,ble-pd-B43A31EF7B26,ble-pd-0C4314F469CC
127,-88,0,66,CAEQuY236+qKmd+pARgBIAEqAggBKgcIAhUAAHY/KgcIAxUAACA9,1740403130.054733,ble-pd-B43A31EF7B26,ble-pd-0C4314F46B26
127,-72,0,225,CAEQuY236+qKmd+pARgBIAEqAggBKgcIAhUAAHY/KgcIAxUAACA9,1740403130.055976,ble-pd-B43A31EF7B26,ble-pd-0C4314F46B3F
127,-75,0,169,CAEQuY236+qKmd+pARgBIAEqAggBKgcIAhUAAHY/KgcIAxUAACA9,1740403130.057393,ble-pd-B43A31EF7B26,ble-pd-0C4314F46CC2
0,-200,0,0,CAEQuY236+qKmd+pARgBIAEqAggBKgcIAhUAAHY/KgcIAxUAACA9,1740403130.076894,ble-pd-B43A31EF7B26,ble-pd-D299A0EB1D6C
0,-200,0,0,CAEQuY236+qKmd+pARgBIAEqAggBKgcIAhUAAHY/KgcIAxUAACA9,1740403130.07964,ble-pd-B43A31EF7B26,ble-pd-C299A0EB1D6C
0,-200,0,0,CAEQuY236+qKmd+pARgBIAEqAggBKgcIAhUAAHY/KgcIAxUAACA9,1740403130.082701,ble-pd-B43A31EF7B26,ble-pd-639AA0EB1D6C
127,-63,0,226,CAEQ9o6d2aTl2vkPGAEgASoCCAEqBwgCFQAAej8qBwgDFQAAwDw=,1740403131.051947,ble-pd-B43A31EF7B26,ble-pd-0C4314F46B3F
127,-38,0,78,CAEQ9o6d2aTl2vkPGAEgASoCCAEqBwgCFQAAej8qBwgDFQAAwDw=,1740403131.054081,ble-pd-B43A31EF7B26,ble-pd-0C4314F469CC
127,-64,0,170,CAEQ9o6d2aTl2vkPGAEgASoCCAEqBwgCFQAAej8qBwgDFQAAwDw=,1740403131.054474,ble-pd-B43A31EF7B26,ble-pd-0C4314F46CC2
127,-69,0,67,CAEQ9o6d2aTl2vkPGAEgASoCCAEqBwgCFQAAej8qBwgDFQAAwDw=,1740403131.055575,ble-pd-B43A31EF7B26,ble-pd-0C4314F46B26
0,-200,0,0,CAEQ9o6d2aTl2vkPGAEgASoCCAEqBwgCFQAAej8qBwgDFQAAwDw=,1740403131.072356,ble-pd-B43A31EF7B26,ble-pd-D299A0EB1D6C
0,-200,0,0,CAEQ9o6d2aTl2vkPGAEgASoCCAEqBwgCFQAAej8qBwgDFQAAwDw=,1740403131.077426,ble-pd-B43A31EF7B26,ble-pd-C299A0EB1D6C
0,-200,0,0,CAEQ9o6d2aTl2vkPGAEgASoCCAEqBwgCFQAAej8qBwgDFQAAwDw=,1740403131.079986,ble-pd-B43A31EF7B26,ble-pd-639AA0EB1D6C
127,-69,0,227,CAEQicXV2Pasy4wkGAEgASoCCAEqBwgCFQAAfj8qBwgDFQAAADw=,1740403132.055221,ble-pd-B43A31EF7B26,ble-pd-0C4314F46B3F
127,-79,0,171,CAEQicXV2Pasy4wkGAEgASoCCAEqBwgCFQAAfj8qBwgDFQAAADw=,1740403132.055656,ble-pd-B43A31EF7B26,ble-pd-0C4314F46CC2
127,-48,0,79,CAEQicXV2Pasy4wkGAEgASoCCAEqBwgCFQAAfj8qBwgDFQAAADw=,1740403132.056598,ble-pd-B43A31EF7B26,ble-pd-0C4314F469CC
127,-72,0,68,CAEQicXV2Pasy4wkGAEgASoCCAEqBwgCFQAAfj8qBwgDFQAAADw=,1740403132.057852,ble-pd-B43A31EF7B26,ble-pd-0C4314F46B26
0,-200,0,0,CAEQicXV2Pasy4wkGAEgASoCCAEqBwgCFQAAfj8qBwgDFQAAADw=,1740403132.070842,ble-pd-B43A31EF7B26,ble-pd-C299A0EB1D6C
0,-200,0,0,CAEQicXV2Pasy4wkGAEgASoCCAEqBwgCFQAAfj8qBwgDFQAAADw=,1740403132.076947,ble-pd-B43A31EF7B26,ble-pd-D299A0EB1D6C
0,-200,0,0,CAEQicXV2Pasy4wkGAEgASoCCAEqBwgCFQAAfj8qBwgDFQAAADw=,1740403132.07802,ble-pd-B43A31EF7B26,ble-pd-639AA0EB1D6C
127,-62,0,228,CAEQ7Mejx8DI8aKvARgBIAEqAggBKgcIAhUAAFk/KgcIAxUAABw+,1740403133.054753,ble-pd-B43A31EF7B26,ble-pd-0C4314F46B3F
127,-54,0,80,CAEQ7Mejx8DI8aKvARgBIAEqAggBKgcIAhUAAFk/KgcIAxUAABw+,1740403133.055222,ble-pd-B43A31EF7B26,ble-pd-0C4314F469CC
127,-73,0,69,CAEQ7Mejx8DI8aKvARgBIAEqAggBKgcIAhUAAFk/KgcIAxUAABw+,1740403133.059643,ble-pd-B43A31EF7B26,ble-pd-0C4314F46B26
127,-70,0,172,CAEQ7Mejx8DI8aKvARgBIAEqAggBKgcIAhUAAFk/KgcIAxUAABw+,1740403133.065703,ble-pd-B43A31EF7B26,ble-pd-0C4314F46CC2
0,-200,0,0,CAEQ7Mejx8DI8aKvARgBIAEqAggBKgcIAhUAAFk/KgcIAxUAABw+,1740403133.077014,ble-pd-B43A31EF7B26,ble-pd-639AA0EB1D6C
0,-200,0,0,CAEQ7Mejx8DI8aKvARgBIAEqAggBKgcIAhUAAFk/KgcIAxUAABw+,1740403133.078408,ble-pd-B43A31EF7B26,ble-pd-D299A0EB1D6C
0,-200,0,0,CAEQ7Mejx8DI8aKvARgBIAEqAggBKgcIAhUAAFk/KgcIAxUAABw+,1740403133.080279,ble-pd-B43A31EF7B26,ble-pd-C299A0EB1D6C
127,-80,0,70,CAEQxuHY1+qix6ePARgBIAEqAggBKgcIAhUAAHY/KgcIAxUAACA9,1740403134.054489,ble-pd-B43A31EF7B26,ble-pd-0C4314F46B26
127,-78,0,173,CAEQxuHY1+qix6ePARgBIAEqAggBKgcIAhUAAHY/KgcIAxUAACA9,1740403134.054913,ble-pd-B43A31EF7B26,ble-pd-0C4314F46CC2
127,-81,0,229,CAEQxuHY1+qix6ePARgBIAEqAggBKgcIAhUAAHY/KgcIAxUAACA9,1740403134.056018,ble-pd-B43A31EF7B26,ble-pd-0C4314F46B3F
127,-60,0,81,CAEQxuHY1+qix6ePARgBIAEqAggBKgcIAhUAAHY/KgcIAxUAACA9,1740403134.065451,ble-pd-B43A31EF7B26,ble-pd-0C4314F469CC
0,-200,0,0,CAEQxuHY1+qix6ePARgBIAEqAggBKgcIAhUAAHY/KgcIAxUAACA9,1740403134.078135,ble-pd-B43A31EF7B26,ble-pd-C299A0EB1D6C
0,-200,0,0,CAEQxuHY1+qix6ePARgBIAEqAggBKgcIAhUAAHY/KgcIAxUAACA9,1740403134.079228,ble-pd-B43A31EF7B26,ble-pd-D299A0EB1D6C
0,-200,0,0,CAEQxuHY1+qix6ePARgBIAEqAggBKgcIAhUAAHY/KgcIAxUAACA9,1740403134.083643,ble-pd-B43A31EF7B26,ble-pd-639AA0EB1D6C
127,-74,0,71,CAEQtuLu+t7i8tOPARgBIAEqAggBKgcIAhUAAHY/KgcIAxUAACA9,1740403135.0549,ble-pd-B43A31EF7B26,ble-pd-0C4314F46B26
127,-63,0,174,CAEQtuLu+t7i8tOPARgBIAEqAggBKgcIAhUAAHY/KgcIAxUAACA9,1740403135.055397,ble-pd-B43A31EF7B26,ble-pd-0C4314F46CC2
127,-57,0,82,CAEQtuLu+t7i8tOPARgBIAEqAggBKgcIAhUAAHY/KgcIAxUAACA9,1740403135.055725,ble-pd-B43A31EF7B26,ble-pd-0C4314F469CC
127,-69,0,230,CAEQtuLu+t7i8tOPARgBIAEqAggBKgcIAhUAAHY/KgcIAxUAACA9,1740403135.056771,ble-pd-B43A31EF7B26,ble-pd-0C4314F46B3F
0,-200,0,0,CAEQtuLu+t7i8tOPARgBIAEqAggBKgcIAhUAAHY/KgcIAxUAACA9,1740403135.071407,ble-pd-B43A31EF7B26,ble-pd-C299A0EB1D6C
0,-200,0,0,CAEQtuLu+t7i8tOPARgBIAEqAggBKgcIAhUAAHY/KgcIAxUAACA9,1740403135.081255,ble-pd-B43A31EF7B26,ble-pd-639AA0EB1D6C
0,-200,0,0,CAEQtuLu+t7i8tOPARgBIAEqAggBKgcIAhUAAHY/KgcIAxUAACA9,1740403135.082721,ble-pd-B43A31EF7B26,ble-pd-D299A0EB1D6C
127,-64,0,83,CAEQoJWvnrOT5a20ARgBIAEqAggBKgcIAhUAAFk/KgcIAxUAABw+,1740403136.054404,ble-pd-B43A31EF7B26,ble-pd-0C4314F469CC
127,-72,0,175,CAEQoJWvnrOT5a20ARgBIAEqAggBKgcIAhUAAFk/KgcIAxUAABw+,1740403136.057928,ble-pd-B43A31EF7B26,ble-pd-0C4314F46CC2
127,-82,0,72,CAEQoJWvnrOT5a20ARgBIAEqAggBKgcIAhUAAFk/KgcIAxUAABw+,1740403136.058448,ble-pd-B43A31EF7B26,ble-pd-0C4314F46B26
127,-69,0,231,CAEQoJWvnrOT5a20ARgBIAEqAggBKgcIAhUAAFk/KgcIAxUAABw+,1740403136.06019,ble-pd-B43A31EF7B26,ble-pd-0C4314F46B3F
0,-200,0,0,CAEQoJWvnrOT5a20ARgBIAEqAggBKgcIAhUAAFk/KgcIAxUAABw+,1740403136.079379,ble-pd-B43A31EF7B26,ble-pd-639AA0EB1D6C
0,-200,0,0,CAEQoJWvnrOT5a20ARgBIAEqAggBKgcIAhUAAFk/KgcIAxUAABw+,1740403136.083297,ble-pd-B43A31EF7B26,ble-pd-C299A0EB1D6C
0,-200,0,0,CAEQoJWvnrOT5a20ARgBIAEqAggBKgcIAhUAAFk/KgcIAxUAABw+,1740403136.088536,ble-pd-B43A31EF7B26,ble-pd-D299A0EB1D6C
127,-68,0,84,CAEQ15Kg4Zqa5KIQGAEgASoHCAEVAACAOyoHCAIVAAC4PioHCAMVAAAjPw==,1740403137.057339,ble-pd-B43A31EF7B26,ble-pd-0C4314F469CC
127,-74,0,73,CAEQ15Kg4Zqa5KIQGAEgASoHCAEVAACAOyoHCAIVAAC4PioHCAMVAAAjPw==,1740403137.057769,ble-pd-B43A31EF7B26,ble-pd-0C4314F46B26
127,-60,0,232,CAEQ15Kg4Zqa5KIQGAEgASoHCAEVAACAOyoHCAIVAAC4PioHCAMVAAAjPw==,1740403137.058121,ble-pd-B43A31EF7B26,ble-pd-0C4314F46B3F
127,-76,0,176,CAEQ15Kg4Zqa5KIQGAEgASoHCAEVAACAOyoHCAIVAAC4PioHCAMVAAAjPw==,1740403137.061627,ble-pd-B43A31EF7B26,ble-pd-0C4314F46CC2
0,-200,0,0,CAEQ15Kg4Zqa5KIQGAEgASoHCAEVAACAOyoHCAIVAAC4PioHCAMVAAAjPw==,1740403137.070193,ble-pd-B43A31EF7B26,ble-pd-C299A0EB1D6C
0,-200,0,0,CAEQ15Kg4Zqa5KIQGAEgASoHCAEVAACAOyoHCAIVAAC4PioHCAMVAAAjPw==,1740403137.077539,ble-pd-B43A31EF7B26,ble-pd-D299A0EB1D6C
0,-200,0,0,CAEQ15Kg4Zqa5KIQGAEgASoHCAEVAACAOyoHCAIVAAC4PioHCAMVAAAjPw==,1740403137.08469,ble-pd-B43A31EF7B26,ble-pd-639AA0EB1D6C
127,-71,0,74,CAEQ3e36sJbc19qqARgBIAEqBwgBFQAAwDwqBwgCFQAAcD0qBwgDFQAAaz8=,1740403138.052012,ble-pd-B43A31EF7B26,ble-pd-0C4314F46B26
127,-71,0,85,CAEQ3e36sJbc19qqARgBIAEqBwgBFQAAwDwqBwgCFQAAcD0qBwgDFQAAaz8=,1740403138.053551,ble-pd-B43A31EF7B26,ble-pd-0C4314F469CC
127,-68,0,233,CAEQ3e36sJbc19qqARgBIAEqBwgBFQAAwDwqBwgCFQAAcD0qBwgDFQAAaz8=,1740403138.055009,ble-pd-B43A31EF7B26,ble-pd-0C4314F46B3F
127,-70,0,177,CAEQ3e36sJbc19qqARgBIAEqBwgBFQAAwDwqBwgCFQAAcD0qBwgDFQAAaz8=,1740403138.056759,ble-pd-B43A31EF7B26,ble-pd-0C4314F46CC2
0,-200,0,0,CAEQ3e36sJbc19qqARgBIAEqBwgBFQAAwDwqBwgCFQAAcD0qBwgDFQAAaz8=,1740403138.080867,ble-pd-B43A31EF7B26,ble-pd-D299A0EB1D6C
0,-200,0,0,CAEQ3e36sJbc19qqARgBIAEqBwgBFQAAwDwqBwgCFQAAcD0qBwgDFQAAaz8=,1740403138.083855,ble-pd-B43A31EF7B26,ble-pd-C299A0EB1D6C
0,-200,0,0,CAEQ3e36sJbc19qqARgBIAEqBwgBFQAAwDwqBwgCFQAAcD0qBwgDFQAAaz8=,1740403138.086632,ble-pd-B43A31EF7B26,ble-pd-639AA0EB1D6C
127,-70,0,75,CAEQtcGsj8GR0ZBTGAEgASoCCAEqBwgCFQAARD4qBwgDFQAATz8=,1740403139.052438,ble-pd-B43A31EF7B26,ble-pd-0C4314F46B26
127,-62,0,86,CAEQtcGsj8GR0ZBTGAEgASoCCAEqBwgCFQAARD4qBwgDFQAATz8=,1740403139.05478,ble-pd-B43A31EF7B26,ble-pd-0C4314F469CC
127,-75,0,178,CAEQtcGsj8GR0ZBTGAEgASoCCAEqBwgCFQAARD4qBwgDFQAATz8=,1740403139.056507,ble-pd-B43A31EF7B26,ble-pd-0C4314F46CC2
127,-68,0,234,CAEQtcGsj8GR0ZBTGAEgASoCCAEqBwgCFQAARD4qBwgDFQAATz8=,1740403139.056931,ble-pd-B43A31EF7B26,ble-pd-0C4314F46B3F
0,-200,0,0,CAEQtcGsj8GR0ZBTGAEgASoCCAEqBwgCFQAARD4qBwgDFQAATz8=,1740403139.076596,ble-pd-B43A31EF7B26,ble-pd-D299A0EB1D6C
0,-200,0,0,CAEQtcGsj8GR0ZBTGAEgASoCCAEqBwgCFQAARD4qBwgDFQAATz8=,1740403139.078737,ble-pd-B43A31EF7B26,ble-pd-639AA0EB1D6C
0,-200,0,0,CAEQtcGsj8GR0ZBTGAEgASoCCAEqBwgCFQAARD4qBwgDFQAATz8=,1740403139.08002,ble-pd-B43A31EF7B26,ble-pd-C299A0EB1D6C
127,-77,0,179,CAEQjuLxk//C3u/uARgBIAEqBwgBFQAAgDsqBwgCFQAAqD4qBwgDFQAALD8=,1740403140.05645,ble-pd-B43A31EF7B26,ble-pd-0C4314F46CC2
127,-81,0,235,CAEQjuLxk//C3u/uARgBIAEqBwgBFQAAgDsqBwgCFQAAqD4qBwgDFQAALD8=,1740403140.056902,ble-pd-B43A31EF7B26,ble-pd-0C4314F46B3F
127,-60,0,87,CAEQjuLxk//C3u/uARgBIAEqBwgBFQAAgDsqBwgCFQAAqD4qBwgDFQAALD8=,1740403140.058108,ble-pd-B43A31EF7B26,ble-pd-0C4314F469CC
127,-80,0,76,CAEQjuLxk//C3u/uARgBIAEqBwgBFQAAgDsqBwgCFQAAqD4qBwgDFQAALD8=,1740403140.063787,ble-pd-B43A31EF7B26,ble-pd-0C4314F46B26
0,-200,0,0,CAEQjuLxk//C3u/uARgBIAEqBwgBFQAAgDsqBwgCFQAAqD4qBwgDFQAALD8=,1740403140.075012,ble-pd-B43A31EF7B26,ble-pd-D299A0EB1D6C
0,-200,0,0,CAEQjuLxk//C3u/uARgBIAEqBwgBFQAAgDsqBwgCFQAAqD4qBwgDFQAALD8=,1740403140.081386,ble-pd-B43A31EF7B26,ble-pd-639AA0EB1D6C
0,-200,0,0,CAEQjuLxk//C3u/uARgBIAEqBwgBFQAAgDsqBwgCFQAAqD4qBwgDFQAALD8=,1740403140.096837,ble-pd-B43A31EF7B26,ble-pd-C299A0EB1D6C
127,-50,0,88,CAEQycqz4ZfSl/MEGAEgASoCCAEqBwgCFQAAyj4qBwgDFQAAGz8=,1740403141.054311,ble-pd-B43A31EF7B26,ble-pd-0C4314F469CC
127,-68,0,236,CAEQycqz4ZfSl/MEGAEgASoCCAEqBwgCFQAAyj4qBwgDFQAAGz8=,1740403141.055939,ble-pd-B43A31EF7B26,ble-pd-0C4314F46B3F
127,-64,0,180,CAEQycqz4ZfSl/MEGAEgASoCCAEqBwgCFQAAyj4qBwgDFQAAGz8=,1740403141.057083,ble-pd-B43A31EF7B26,ble-pd-0C4314F46CC2
127,-68,0,77,CAEQycqz4ZfSl/MEGAEgASoCCAEqBwgCFQAAyj4qBwgDFQAAGz8=,1740403141.057561,ble-pd-B43A31EF7B26,ble-pd-0C4314F46B26
0,-200,0,0,CAEQycqz4ZfSl/MEGAEgASoCCAEqBwgCFQAAyj4qBwgDFQAAGz8=,1740403141.075749,ble-pd-B43A31EF7B26,ble-pd-639AA0EB1D6C
0,-200,0,0,CAEQycqz4ZfSl/MEGAEgASoCCAEqBwgCFQAAyj4qBwgDFQAAGz8=,1740403141.079023,ble-pd-B43A31EF7B26,ble-pd-C299A0EB1D6C
0,-200,0,0,CAEQycqz4ZfSl/MEGAEgASoCCAEqBwgCFQAAyj4qBwgDFQAAGz8=,1740403141.080659,ble-pd-B43A31EF7B26,ble-pd-D299A0EB1D6C
127,-66,0,78,CAEQqYeA/rTR+ZgUGAEgASoCCAEqBwgCFQAAiD4qBwgDFQAAOz8=,1740403142.056862,ble-pd-B43A31EF7B26,ble-pd-0C4314F46B26
127,-47,0,89,CAEQqYeA/rTR+ZgUGAEgASoCCAEqBwgCFQAAiD4qBwgDFQAAOz8=,1740403142.058197,ble-pd-B43A31EF7B26,ble-pd-0C4314F469CC
127,-74,0,237,CAEQqYeA/rTR+ZgUGAEgASoCCAEqBwgCFQAAiD4qBwgDFQAAOz8=,1740403142.058766,ble-pd-B43A31EF7B26,ble-pd-0C4314F46B3F
127,-69,0,181,CAEQqYeA/rTR+ZgUGAEgASoCCAEqBwgCFQAAiD4qBwgDFQAAOz8=,1740403142.059222,ble-pd-B43A31EF7B26,ble-pd-0C4314F46CC2
0,-200,0,0,CAEQqYeA/rTR+ZgUGAEgASoCCAEqBwgCFQAAiD4qBwgDFQAAOz8=,1740403142.072025,ble-pd-B43A31EF7B26,ble-pd-C299A0EB1D6C
0,-200,0,0,CAEQqYeA/rTR+ZgUGAEgASoCCAEqBwgCFQAAiD4qBwgDFQAAOz8=,1740403142.077174,ble-pd-B43A31EF7B26,ble-pd-639AA0EB1D6C
0,-200,0,0,CAEQqYeA/rTR+ZgUGAEgASoCCAEqBwgCFQAAiD4qBwgDFQAAOz8=,1740403142.080401,ble-pd-B43A31EF7B26,ble-pd-D299A0EB1D6C
127,-70,0,238,CAEQnbCA0/3+vM1sGAEgASoCCAEqBwgCFQAA3D4qBwgDFQAAEj8=,1740403143.051546,ble-pd-B43A31EF7B26,ble-pd-0C4314F46B3F
127,-73,0,182,CAEQnbCA0/3+vM1sGAEgASoCCAEqBwgCFQAA3D4qBwgDFQAAEj8=,1740403143.051977,ble-pd-B43A31EF7B26,ble-pd-0C4314F46CC2
127,-65,0,79,CAEQnbCA0/3+vM1sGAEgASoCCAEqBwgCFQAA3D4qBwgDFQAAEj8=,1740403143.05429,ble-pd-B43A31EF7B26,ble-pd-0C4314F46B26
127,-44,0,90,CAEQnbCA0/3+vM1sGAEgASoCCAEqBwgCFQAA3D4qBwgDFQAAEj8=,1740403143.059073,ble-pd-B43A31EF7B26,ble-pd-0C4314F469CC
0,-200,0,0,CAEQnbCA0/3+vM1sGAEgASoCCAEqBwgCFQAA3D4qBwgDFQAAEj8=,1740403143.07377,ble-pd-B43A31EF7B26,ble-pd-639AA0EB1D6C
0,-200,0,0,CAEQnbCA0/3+vM1sGAEgASoCCAEqBwgCFQAA3D4qBwgDFQAAEj8=,1740403143.075857,ble-pd-B43A31EF7B26,ble-pd-D299A0EB1D6C
0,-200,0,0,CAEQnbCA0/3+vM1sGAEgASoCCAEqBwgCFQAA3D4qBwgDFQAAEj8=,1740403143.07966,ble-pd-B43A31EF7B26,ble-pd-C299A0EB1D6C
127,-52,0,91,CAEQtvynzaSRyJkOGAEgASoCCAEqBwgCFQAAaz8qBwgDFQAAoD0=,1740403144.055384,ble-pd-B43A31EF7B26,ble-pd-0C4314F469CC
127,-69,0,183,CAEQtvynzaSRyJkOGAEgASoCCAEqBwgCFQAAaz8qBwgDFQAAoD0=,1740403144.055848,ble-pd-B43A31EF7B26,ble-pd-0C4314F46CC2
127,-81,0,239,CAEQtvynzaSRyJkOGAEgASoCCAEqBwgCFQAAaz8qBwgDFQAAoD0=,1740403144.056251,ble-pd-B43A31EF7B26,ble-pd-0C4314F46B3F
127,-78,0,80,CAEQtvynzaSRyJkOGAEgASoCCAEqBwgCFQAAaz8qBwgDFQAAoD0=,1740403144.059602,ble-pd-B43A31EF7B26,ble-pd-0C4314F46B26
0,-200,0,0,CAEQtvynzaSRyJkOGAEgASoCCAEqBwgCFQAAaz8qBwgDFQAAoD0=,1740403144.076538,ble-pd-B43A31EF7B26,ble-pd-639AA0EB1D6C
0,-200,0,0,CAEQtvynzaSRyJkOGAEgASoCCAEqBwgCFQAAaz8qBwgDFQAAoD0=,1740403144.083314,ble-pd-B43A31EF7B26,ble-pd-D299A0EB1D6C
0,-200,0,0,CAEQtvynzaSRyJkOGAEgASoCCAEqBwgCFQAAaz8qBwgDFQAAoD0=,1740403144.093648,ble-pd-B43A31EF7B26,ble-pd-C299A0EB1D6C
127,-67,0,184,CAEQiO2o8sfxl4voARgBIAEqAggBKgcIAhUAACQ/KgcIAxUAALg+,1740403145.057905,ble-pd-B43A31EF7B26,ble-pd-0C4314F46CC2
127,-72,0,81,CAEQiO2o8sfxl4voARgBIAEqAggBKgcIAhUAACQ/KgcIAxUAALg+,1740403145.058389,ble-pd-B43A31EF7B26,ble-pd-0C4314F46B26
127,-56,0,92,CAEQiO2o8sfxl4voARgBIAEqAggBKgcIAhUAACQ/KgcIAxUAALg+,1740403145.058722,ble-pd-B43A31EF7B26,ble-pd-0C4314F469CC
127,-72,0,240,CAEQiO2o8sfxl4voARgBIAEqAggBKgcIAhUAACQ/KgcIAxUAALg+,1740403145.059296,ble-pd-B43A31EF7B26,ble-pd-0C4314F46B3F
0,-200,0,0,CAEQiO2o8sfxl4voARgBIAEqAggBKgcIAhUAACQ/KgcIAxUAALg+,1740403145.078455,ble-pd-B43A31EF7B26,ble-pd-639AA0EB1D6C
0,-200,0,0,CAEQiO2o8sfxl4voARgBIAEqAggBKgcIAhUAACQ/KgcIAxUAALg+,1740403145.078836,ble-pd-B43A31EF7B26,ble-pd-D299A0EB1D6C
0,-200,0,0,CAEQiO2o8sfxl4voARgBIAEqAggBKgcIAhUAACQ/KgcIAxUAALg+,1740403145.083492,ble-pd-B43A31EF7B26,ble-pd-C299A0EB1D6C
127,-60,0,93,CAEQyq+wh4zpqJeMARgBIAEqAggBKgcIAhUAAEI/KgcIAxUAAHQ+,1740403146.055013,ble-pd-B43A31EF7B26,ble-pd-0C4314F469CC
127,-78,0,241,CAEQyq+wh4zpqJeMARgBIAEqAggBKgcIAhUAAEI/KgcIAxUAAHQ+,1740403146.056847,ble-pd-B43A31EF7B26,ble-pd-0C4314F46B3F
127,-68,0,185,CAEQyq+wh4zpqJeMARgBIAEqAggBKgcIAhUAAEI/KgcIAxUAAHQ+,1740403146.063788,ble-pd-B43A31EF7B26,ble-pd-0C4314F46CC2
127,-70,0,82,CAEQyq+wh4zpqJeMARgBIAEqAggBKgcIAhUAAEI/KgcIAxUAAHQ+,1740403146.064286,ble-pd-B43A31EF7B26,ble-pd-0C4314F46B26
0,-200,0,0,CAEQyq+wh4zpqJeMARgBIAEqAggBKgcIAhUAAEI/KgcIAxUAAHQ+,1740403146.080352,ble-pd-B43A31EF7B26,ble-pd-639AA0EB1D6C
0,-200,0,0,CAEQyq+wh4zpqJeMARgBIAEqAggBKgcIAhUAAEI/KgcIAxUAAHQ+,1740403146.080727,ble-pd-B43A31EF7B26,ble-pd-D299A0EB1D6C
0,-200,0,0,CAEQyq+wh4zpqJeMARgBIAEqAggBKgcIAhUAAEI/KgcIAxUAAHQ+,1740403146.082521,ble-pd-B43A31EF7B26,ble-pd-C299A0EB1D6C
127,-69,0,83,CAEQqPjLwI/c/ujSARgBIAEqAggBKgcIAhUAADs/KgcIAxUAAIg+,1740403147.055018,ble-pd-B43A31EF7B26,ble-pd-0C4314F46B26
127,-65,0,186,CAEQqPjLwI/c/ujSARgBIAEqAggBKgcIAhUAADs/KgcIAxUAAIg+,1740403147.058632,ble-pd-B43A31EF7B26,ble-pd-0C4314F46CC2
127,-77,0,242,CAEQqPjLwI/c/ujSARgBIAEqAggBKgcIAhUAADs/KgcIAxUAAIg+,1740403147.059005,ble-pd-B43A31EF7B26,ble-pd-0C4314F46B3F
127,-63,0,94,CAEQqPjLwI/c/ujSARgBIAEqAggBKgcIAhUAADs/KgcIAxUAAIg+,1740403147.059569,ble-pd-B43A31EF7B26,ble-pd-0C4314F469CC
0,-200,0,0,CAEQqPjLwI/c/ujSARgBIAEqAggBKgcIAhUAADs/KgcIAxUAAIg+,1740403147.069902,ble-pd-B43A31EF7B26,ble-pd-C299A0EB1D6C
0,-200,0,0,CAEQqPjLwI/c/ujSARgBIAEqAggBKgcIAhUAADs/KgcIAxUAAIg+,1740403147.076,ble-pd-B43A31EF7B26,ble-pd-639AA0EB1D6C
0,-200,0,0,CAEQqPjLwI/c/ujSARgBIAEqAggBKgcIAhUAADs/KgcIAxUAAIg+,1740403147.076409,ble-pd-B43A31EF7B26,ble-pd-D299A0EB1D6C
127,-71,0,84,CAEQ4Mv4lru87J0oGAEgASoHCAEVAACAOyoHCAIVAAAJPyoHCAMVAADuPg==,1740403148.055417,ble-pd-B43A31EF7B26,ble-pd-0C4314F46B26
127,-78,0,243,CAEQ4Mv4lru87J0oGAEgASoHCAEVAACAOyoHCAIVAAAJPyoHCAMVAADuPg==,1740403148.055847,ble-pd-B43A31EF7B26,ble-pd-0C4314F46B3F
127,-94,0,187,CAEQ4Mv4lru87J0oGAEgASoHCAEVAACAOyoHCAIVAAAJPyoHCAMVAADuPg==,1740403148.056223,ble-pd-B43A31EF7B26,ble-pd-0C4314F46CC2
127,-77,0,95,CAEQ4Mv4lru87J0oGAEgASoHCAEVAACAOyoHCAIVAAAJPyoHCAMVAADuPg==,1740403148.057824,ble-pd-B43A31EF7B26,ble-pd-0C4314F469CC
0,-200,0,0,CAEQ4Mv4lru87J0oGAEgASoHCAEVAACAOyoHCAIVAAAJPyoHCAMVAADuPg==,1740403148.079609,ble-pd-B43A31EF7B26,ble-pd-639AA0EB1D6C
0,-200,0,0,CAEQ4Mv4lru87J0oGAEgASoHCAEVAACAOyoHCAIVAAAJPyoHCAMVAADuPg==,1740403148.082817,ble-pd-B43A31EF7B26,ble-pd-D299A0EB1D6C
0,-200,0,0,CAEQ4Mv4lru87J0oGAEgASoHCAEVAACAOyoHCAIVAAAJPyoHCAMVAADuPg==,1740403148.084722,ble-pd-B43A31EF7B26,ble-pd-C299A0EB1D6C
127,-72,0,85,CAEQ8Y2yrs3csarLARgBIAEqAggBKgcIAhUAAFk/KgcIAxUAABw+,1740403149.055006,ble-pd-B43A31EF7B26,ble-pd-0C4314F46B26
127,-81,0,188,CAEQ8Y2yrs3csarLARgBIAEqAggBKgcIAhUAAFk/KgcIAxUAABw+,1740403149.055476,ble-pd-B43A31EF7B26,ble-pd-0C4314F46CC2
127,-77,0,244,CAEQ8Y2yrs3csarLARgBIAEqAggBKgcIAhUAAFk/KgcIAxUAABw+,1740403149.057411,ble-pd-B43A31EF7B26,ble-pd-0C4314F46B3F
127,-73,0,96,CAEQ8Y2yrs3csarLARgBIAEqAggBKgcIAhUAAFk/KgcIAxUAABw+,1740403149.0593,ble-pd-B43A31EF7B26,ble-pd-0C4314F469CC
0,-200,0,0,CAEQ8Y2yrs3csarLARgBIAEqAggBKgcIAhUAAFk/KgcIAxUAABw+,1740403149.078288,ble-pd-B43A31EF7B26,ble-pd-639AA0EB1D6C
0,-200,0,0,CAEQ8Y2yrs3csarLARgBIAEqAggBKgcIAhUAAFk/KgcIAxUAABw+,1740403149.07894,ble-pd-B43A31EF7B26,ble-pd-C299A0EB1D6C
0,-200,0,0,CAEQ8Y2yrs3csarLARgBIAEqAggBKgcIAhUAAFk/KgcIAxUAABw+,1740403149.079342,ble-pd-B43A31EF7B26,ble-pd-D299A0EB1D6C
127,-83,0,245,CAEQ3Of9tcjehcT4ARgBIAEqBwgBFQAAQDwqBwgCFQAAED8qBwgDFQAA2D4=,1740403150.057724,ble-pd-B43A31EF7B26,ble-pd-0C4314F46B3F
127,-85,0,86,CAEQ3Of9tcjehcT4ARgBIAEqBwgBFQAAQDwqBwgCFQAAED8qBwgDFQAA2D4=,1740403150.058853,ble-pd-B43A31EF7B26,ble-pd-0C4314F46B26
127,-75,0,189,CAEQ3Of9tcjehcT4ARgBIAEqBwgBFQAAQDwqBwgCFQAAED8qBwgDFQAA2D4=,1740403150.059992,ble-pd-B43A31EF7B26,ble-pd-0C4314F46CC2
127,-64,0,97,CAEQ3Of9tcjehcT4ARgBIAEqBwgBFQAAQDwqBwgCFQAAED8qBwgDFQAA2D4=,1740403150.06131,ble-pd-B43A31EF7B26,ble-pd-0C4314F469CC
0,-200,0,0,CAEQ3Of9tcjehcT4ARgBIAEqBwgBFQAAQDwqBwgCFQAAED8qBwgDFQAA2D4=,1740403150.07849,ble-pd-B43A31EF7B26,ble-pd-C299A0EB1D6C
0,-200,0,0,CAEQ3Of9tcjehcT4ARgBIAEqBwgBFQAAQDwqBwgCFQAAED8qBwgDFQAA2D4=,1740403150.079808,ble-pd-B43A31EF7B26,ble-pd-D299A0EB1D6C
0,-200,0,0,CAEQ3Of9tcjehcT4ARgBIAEqBwgBFQAAQDwqBwgCFQAAED8qBwgDFQAA2D4=,1740403150.082211,ble-pd-B43A31EF7B26,ble-pd-639AA0EB1D6C
127,-69,0,246,CAEQlailqpbW4qvMARgBIAEqAggBKgcIAhUAAE8/KgcIAxUAAEQ+,1740403151.056205,ble-pd-B43A31EF7B26,ble-pd-0C4314F46B3F
127,-73,0,98,CAEQlailqpbW4qvMARgBIAEqAggBKgcIAhUAAE8/KgcIAxUAAEQ+,1740403151.056642,ble-pd-B43A31EF7B26,ble-pd-0C4314F469CC
127,-74,0,190,CAEQlailqpbW4qvMARgBIAEqAggBKgcIAhUAAE8/KgcIAxUAAEQ+,1740403151.056964,ble-pd-B43A31EF7B26,ble-pd-0C4314F46CC2
127,-69,0,87,CAEQlailqpbW4qvMARgBIAEqAggBKgcIAhUAAE8/KgcIAxUAAEQ+,1740403151.058289,ble-pd-B43A31EF7B26,ble-pd-0C4314F46B26
0,-200,0,0,CAEQlailqpbW4qvMARgBIAEqAggBKgcIAhUAAE8/KgcIAxUAAEQ+,1740403151.084924,ble-pd-B43A31EF7B26,ble-pd-D299A0EB1D6C
0,-200,0,0,CAEQlailqpbW4qvMARgBIAEqAggBKgcIAhUAAE8/KgcIAxUAAEQ+,1740403151.085862,ble-pd-B43A31EF7B26,ble-pd-C299A0EB1D6C
0,-200,0,0,CAEQlailqpbW4qvMARgBIAEqAggBKgcIAhUAAE8/KgcIAxUAAEQ+,1740403151.091444,ble-pd-B43A31EF7B26,ble-pd-639AA0EB1D6C
127,-74,0,88,CAEQl7iNkpHC/ZDyARgBIAEqAggBKgcIAhUAAE8/KgcIAxUAAEQ+,1740403152.054863,ble-pd-B43A31EF7B26,ble-pd-0C4314F46B26
127,-72,0,247,CAEQl7iNkpHC/ZDyARgBIAEqAggBKgcIAhUAAE8/KgcIAxUAAEQ+,1740403152.055989,ble-pd-B43A31EF7B26,ble-pd-0C4314F46B3F
127,-76,0,191,CAEQl7iNkpHC/ZDyARgBIAEqAggBKgcIAhUAAE8/KgcIAxUAAEQ+,1740403152.057198,ble-pd-B43A31EF7B26,ble-pd-0C4314F46CC2
127,-68,0,99,CAEQl7iNkpHC/ZDyARgBIAEqAggBKgcIAhUAAE8/KgcIAxUAAEQ+,1740403152.063395,ble-pd-B43A31EF7B26,ble-pd-0C4314F469CC
0,-200,0,0,CAEQl7iNkpHC/ZDyARgBIAEqAggBKgcIAhUAAE8/KgcIAxUAAEQ+,1740403152.070394,ble-pd-B43A31EF7B26,ble-pd-C299A0EB1D6C
0,-200,0,0,CAEQl7iNkpHC/ZDyARgBIAEqAggBKgcIAhUAAE8/KgcIAxUAAEQ+,1740403152.077721,ble-pd-B43A31EF7B26,ble-pd-D299A0EB1D6C
0,-200,0,0,CAEQl7iNkpHC/ZDyARgBIAEqAggBKgcIAhUAAE8/KgcIAxUAAEQ+,1740403152.080765,ble-pd-B43A31EF7B26,ble-pd-639AA0EB1D6C
127,-74,0,192,CAEQpd/Rps/miKlsGAEgASoHCAEVAACAOyoHCAIVAABEPioHCAMVAABOPw==,1740403153.055994,ble-pd-B43A31EF7B26,ble-pd-0C4314F46CC2
127,-74,0,248,CAEQpd/Rps/miKlsGAEgASoHCAEVAACAOyoHCAIVAABEPioHCAMVAABOPw==,1740403153.056358,ble-pd-B43A31EF7B26,ble-pd-0C4314F46B3F
127,-75,0,100,CAEQpd/Rps/miKlsGAEgASoHCAEVAACAOyoHCAIVAABEPioHCAMVAABOPw==,1740403153.057555,ble-pd-B43A31EF7B26,ble-pd-0C4314F469CC
0,-200,0,0,CAEQpd/Rps/miKlsGAEgASoHCAEVAACAOyoHCAIVAABEPioHCAMVAABOPw==,1740403153.074668,ble-pd-B43A31EF7B26,ble-pd-D299A0EB1D6C
0,-200,0,0,CAEQpd/Rps/miKlsGAEgASoHCAEVAACAOyoHCAIVAABEPioHCAMVAABOPw==,1740403153.079804,ble-pd-B43A31EF7B26,ble-pd-639AA0EB1D6C
0,-200,0,0,CAEQpd/Rps/miKlsGAEgASoHCAEVAACAOyoHCAIVAABEPioHCAMVAABOPw==,1740403153.080829,ble-pd-B43A31EF7B26,ble-pd-C299A0EB1D6C
127,-71,0,89,CAEQ8Nb/iZHejYlpGAEgASoCCAEqBwgCFQAAyj4qBwgDFQAAGz8=,1740403154.055932,ble-pd-B43A31EF7B26,ble-pd-0C4314F46B26
127,-75,0,249,CAEQ8Nb/iZHejYlpGAEgASoCCAEqBwgCFQAAyj4qBwgDFQAAGz8=,1740403154.056402,ble-pd-B43A31EF7B26,ble-pd-0C4314F46B3F
127,-73,0,193,CAEQ8Nb/iZHejYlpGAEgASoCCAEqBwgCFQAAyj4qBwgDFQAAGz8=,1740403154.056929,ble-pd-B43A31EF7B26,ble-pd-0C4314F46CC2
127,-76,0,101,CAEQ8Nb/iZHejYlpGAEgASoCCAEqBwgCFQAAyj4qBwgDFQAAGz8=,1740403154.058268,ble-pd-B43A31EF7B26,ble-pd-0C4314F469CC
0,-200,0,0,CAEQ8Nb/iZHejYlpGAEgASoCCAEqBwgCFQAAyj4qBwgDFQAAGz8=,1740403154.074477,ble-pd-B43A31EF7B26,ble-pd-639AA0EB1D6C
0,-200,0,0,CAEQ8Nb/iZHejYlpGAEgASoCCAEqBwgCFQAAyj4qBwgDFQAAGz8=,1740403154.080375,ble-pd-B43A31EF7B26,ble-pd-D299A0EB1D6C
0,-200,0,0,CAEQ8Nb/iZHejYlpGAEgASoCCAEqBwgCFQAAyj4qBwgDFQAAGz8=,1740403154.081473,ble-pd-B43A31EF7B26,ble-pd-C299A0EB1D6C
127,-79,0,90,CAEQwpCOxbTJpvGyARgBIAEqAggBKgcIAhUAAJg+KgcIAxUAADQ/,1740403155.054955,ble-pd-B43A31EF7B26,ble-pd-0C4314F46B26
127,-73,0,250,CAEQwpCOxbTJpvGyARgBIAEqAggBKgcIAhUAAJg+KgcIAxUAADQ/,1740403155.055213,ble-pd-B43A31EF7B26,ble-pd-0C4314F46B3F
127,-82,0,194,CAEQwpCOxbTJpvGyARgBIAEqAggBKgcIAhUAAJg+KgcIAxUAADQ/,1740403155.05619,ble-pd-B43A31EF7B26,ble-pd-0C4314F46CC2
127,-79,0,102,CAEQwpCOxbTJpvGyARgBIAEqAggBKgcIAhUAAJg+KgcIAxUAADQ/,1740403155.057737,ble-pd-B43A31EF7B26,ble-pd-0C4314F469CC
0,-200,0,0,CAEQwpCOxbTJpvGyARgBIAEqAggBKgcIAhUAAJg+KgcIAxUAADQ/,1740403155.07753,ble-pd-B43A31EF7B26,ble-pd-639AA0EB1D6C
0,-200,0,0,CAEQwpCOxbTJpvGyARgBIAEqAggBKgcIAhUAAJg+KgcIAxUAADQ/,1740403155.079557,ble-pd-B43A31EF7B26,ble-pd-C299A0EB1D6C
0,-200,0,0,CAEQwpCOxbTJpvGyARgBIAEqAggBKgcIAhUAAJg+KgcIAxUAADQ/,1740403155.081149,ble-pd-B43A31EF7B26,ble-pd-D299A0EB1D6C
127,-75,0,103,CAEQrMO/tc2pwJSIARgBIAEqAggBKgcIAhUAAAA9KgcIAxUAAHg/,1740403156.055375,ble-pd-B43A31EF7B26,ble-pd-0C4314F469CC
127,-75,0,91,CAEQrMO/tc2pwJSIARgBIAEqAggBKgcIAhUAAAA9KgcIAxUAAHg/,1740403156.056367,ble-pd-B43A31EF7B26,ble-pd-0C4314F46B26
127,-85,0,195,CAEQrMO/tc2pwJSIARgBIAEqAggBKgcIAhUAAAA9KgcIAxUAAHg/,1740403156.056858,ble-pd-B43A31EF7B26,ble-pd-0C4314F46CC2
127,-79,0,251,CAEQrMO/tc2pwJSIARgBIAEqAggBKgcIAhUAAAA9KgcIAxUAAHg/,1740403156.058119,ble-pd-B43A31EF7B26,ble-pd-0C4314F46B3F
0,-200,0,0,CAEQrMO/tc2pwJSIARgBIAEqAggBKgcIAhUAAAA9KgcIAxUAAHg/,1740403156.079805,ble-pd-B43A31EF7B26,ble-pd-D299A0EB1D6C
0,-200,0,0,CAEQrMO/tc2pwJSIARgBIAEqAggBKgcIAhUAAAA9KgcIAxUAAHg/,1740403156.097476,ble-pd-B43A31EF7B26,ble-pd-C299A0EB1D6C
127,-72,0,92,CAEQw9HZy+T64uLOARgBIAEqAggBKgcIAhUAAIg+KgcIAxUAADs/,1740403157.055226,ble-pd-B43A31EF7B26,ble-pd-0C4314F46B26
127,-78,0,252,CAEQw9HZy+T64uLOARgBIAEqAggBKgcIAhUAAIg+KgcIAxUAADs/,1740403157.05557,ble-pd-B43A31EF7B26,ble-pd-0C4314F46B3F
127,-69,0,104,CAEQw9HZy+T64uLOARgBIAEqAggBKgcIAhUAAIg+KgcIAxUAADs/,1740403157.057909,ble-pd-B43A31EF7B26,ble-pd-0C4314F469CC
127,-81,0,196,CAEQw9HZy+T64uLOARgBIAEqAggBKgcIAhUAAIg+KgcIAxUAADs/,1740403157.059723,ble-pd-B43A31EF7B26,ble-pd-0C4314F46CC2
0,-200,0,0,CAEQw9HZy+T64uLOARgBIAEqAggBKgcIAhUAAIg+KgcIAxUAADs/,1740403157.070885,ble-pd-B43A31EF7B26,ble-pd-C299A0EB1D6C
0,-200,0,0,CAEQw9HZy+T64uLOARgBIAEqAggBKgcIAhUAAIg+KgcIAxUAADs/,1740403157.081128,ble-pd-B43A31EF7B26,ble-pd-D299A0EB1D6C
0,-200,0,0,CAEQw9HZy+T64uLOARgBIAEqAggBKgcIAhUAAIg+KgcIAxUAADs/,1740403157.082209,ble-pd-B43A31EF7B26,ble-pd-639AA0EB1D6C
127,-74,0,93,CAEQwb3h/aH4tK6fARgBIAEqAggBKgcIAhUAAGU/KgcIAxUAANg9,1740403158.054894,ble-pd-B43A31EF7B26,ble-pd-0C4314F46B26
127,-70,0,253,CAEQwb3h/aH4tK6fARgBIAEqAggBKgcIAhUAAGU/KgcIAxUAANg9,1740403158.055974,ble-pd-B43A31EF7B26,ble-pd-0C4314F46B3F
127,-74,0,105,CAEQwb3h/aH4tK6fARgBIAEqAggBKgcIAhUAAGU/KgcIAxUAANg9,1740403158.060871,ble-pd-B43A31EF7B26,ble-pd-0C4314F469CC
127,-75,0,197,CAEQwb3h/aH4tK6fARgBIAEqAggBKgcIAhUAAGU/KgcIAxUAANg9,1740403158.06767,ble-pd-B43A31EF7B26,ble-pd-0C4314F46CC2
0,-200,0,0,CAEQwb3h/aH4tK6fARgBIAEqAggBKgcIAhUAAGU/KgcIAxUAANg9,1740403158.080463,ble-pd-B43A31EF7B26,ble-pd-D299A0EB1D6C
127,-68,0,254,CAEQnvLv7ILosf6QARgBIAEqAggBKgcIAhUAAGI/KgcIAxUAAPA9,1740403159.058983,ble-pd-B43A31EF7B26,ble-pd-0C4314F46B3F
127,-78,0,198,CAEQnvLv7ILosf6QARgBIAEqAggBKgcIAhUAAGI/KgcIAxUAAPA9,1740403159.059297,ble-pd-B43A31EF7B26,ble-pd-0C4314F46CC2
127,-69,0,106,CAEQnvLv7ILosf6QARgBIAEqAggBKgcIAhUAAGI/KgcIAxUAAPA9,1740403159.063303,ble-pd-B43A31EF7B26,ble-pd-0C4314F469CC
127,-75,0,94,CAEQnvLv7ILosf6QARgBIAEqAggBKgcIAhUAAGI/KgcIAxUAAPA9,1740403159.069276,ble-pd-B43A31EF7B26,ble-pd-0C4314F46B26
0,-200,0,0,CAEQnvLv7ILosf6QARgBIAEqAggBKgcIAhUAAGI/KgcIAxUAAPA9,1740403159.084615,ble-pd-B43A31EF7B26,ble-pd-D299A0EB1D6C
0,-200,0,0,CAEQnvLv7ILosf6QARgBIAEqAggBKgcIAhUAAGI/KgcIAxUAAPA9,1740403159.085053,ble-pd-B43A31EF7B26,ble-pd-C299A0EB1D6C
0,-200,0,0,CAEQnvLv7ILosf6QARgBIAEqAggBKgcIAhUAAGI/KgcIAxUAAPA9,1740403159.092924,ble-pd-B43A31EF7B26,ble-pd-639AA0EB1D6C
127,-68,0,255,CAEQ4L3z9uKY68WEARgBIAEqAggBKgcIAhUAAAg+KgcIAxUAAF4/,1740403160.05702,ble-pd-B43A31EF7B26,ble-pd-0C4314F46B3F
127,-79,0,95,CAEQ4L3z9uKY68WEARgBIAEqAggBKgcIAhUAAAg+KgcIAxUAAF4/,1740403160.057944,ble-pd-B43A31EF7B26,ble-pd-0C4314F46B26
127,-74,0,199,CAEQ4L3z9uKY68WEARgBIAEqAggBKgcIAhUAAAg+KgcIAxUAAF4/,1740403160.05933,ble-pd-B43A31EF7B26,ble-pd-0C4314F46CC2
0,-200,0,0,CAEQ4L3z9uKY68WEARgBIAEqAggBKgcIAhUAAAg+KgcIAxUAAF4/,1740403160.085181,ble-pd-B43A31EF7B26,ble-pd-639AA0EB1D6C
127,-78,0,0,CAEQmZKv74ni9LquARgBIAEqBwgBFQAAgDsqBwgCFQAARD4qBwgDFQAATj8=,1740403161.054999,ble-pd-B43A31EF7B26,ble-pd-0C4314F46B3F
127,-74,0,96,CAEQmZKv74ni9LquARgBIAEqBwgBFQAAgDsqBwgCFQAARD4qBwgDFQAATj8=,1740403161.055482,ble-pd-B43A31EF7B26,ble-pd-0C4314F46B26
127,-77,0,200,CAEQmZKv74ni9LquARgBIAEqBwgBFQAAgDsqBwgCFQAARD4qBwgDFQAATj8=,1740403161.059296,ble-pd-B43A31EF7B26,ble-pd-0C4314F46CC2
127,-70,0,107,CAEQmZKv74ni9LquARgBIAEqBwgBFQAAgDsqBwgCFQAARD4qBwgDFQAATj8=,1740403161.068187,ble-pd-B43A31EF7B26,ble-pd-0C4314F469CC
0,-200,0,0,CAEQmZKv74ni9LquARgBIAEqBwgBFQAAgDsqBwgCFQAARD4qBwgDFQAATj8=,1740403161.076941,ble-pd-B43A31EF7B26,ble-pd-C299A0EB1D6C
0,-200,0,0,CAEQmZKv74ni9LquARgBIAEqBwgBFQAAgDsqBwgCFQAARD4qBwgDFQAATj8=,1740403161.079758,ble-pd-B43A31EF7B26,ble-pd-639AA0EB1D6C
0,-200,0,0,CAEQmZKv74ni9LquARgBIAEqBwgBFQAAgDsqBwgCFQAARD4qBwgDFQAATj8=,1740403161.084504,ble-pd-B43A31EF7B26,ble-pd-D299A0EB1D6C
127,-74,0,1,CAEQhIDEwseFz5VcGAEgASoCCAEqBwgCFQAAgD0qBwgDFQAAcD8=,1740403162.055478,ble-pd-B43A31EF7B26,ble-pd-0C4314F46B3F
127,-81,0,97,CAEQhIDEwseFz5VcGAEgASoCCAEqBwgCFQAAgD0qBwgDFQAAcD8=,1740403162.056852,ble-pd-B43A31EF7B26,ble-pd-0C4314F46B26
127,-73,0,201,CAEQhIDEwseFz5VcGAEgASoCCAEqBwgCFQAAgD0qBwgDFQAAcD8=,1740403162.058995,ble-pd-B43A31EF7B26,ble-pd-0C4314F46CC2
127,-64,0,108,CAEQhIDEwseFz5VcGAEgASoCCAEqBwgCFQAAgD0qBwgDFQAAcD8=,1740403162.060081,ble-pd-B43A31EF7B26,ble-pd-0C4314F469CC
0,-200,0,0,CAEQhIDEwseFz5VcGAEgASoCCAEqBwgCFQAAgD0qBwgDFQAAcD8=,1740403162.069591,ble-pd-B43A31EF7B26,ble-pd-C299A0EB1D6C
0,-200,0,0,CAEQhIDEwseFz5VcGAEgASoCCAEqBwgCFQAAgD0qBwgDFQAAcD8=,1740403162.078332,ble-pd-B43A31EF7B26,ble-pd-639AA0EB1D6C
0,-200,0,0,CAEQhIDEwseFz5VcGAEgASoCCAEqBwgCFQAAgD0qBwgDFQAAcD8=,1740403162.078971,ble-pd-B43A31EF7B26,ble-pd-D299A0EB1D6C
127,-71,0,2,CAEQtOiCwoayxbvGARgBIAEqAggBKgcIAhUAABw+KgcIAxUAAFk/,1740403163.055426,ble-pd-B43A31EF7B26,ble-pd-0C4314F46B3F
127,-85,0,98,CAEQtOiCwoayxbvGARgBIAEqAggBKgcIAhUAABw+KgcIAxUAAFk/,1740403163.056095,ble-pd-B43A31EF7B26,ble-pd-0C4314F46B26
127,-69,0,109,CAEQtOiCwoayxbvGARgBIAEqAggBKgcIAhUAABw+KgcIAxUAAFk/,1740403163.056614,ble-pd-B43A31EF7B26,ble-pd-0C4314F469CC
127,-72,0,202,CAEQtOiCwoayxbvGARgBIAEqAggBKgcIAhUAABw+KgcIAxUAAFk/,1740403163.072241,ble-pd-B43A31EF7B26,ble-pd-0C4314F46CC2
127,-70,0,3,CAEQwsLLlcLFr9nQARgBIAEqBwgBFQAAgDsqBwgCFQAAuD4qBwgDFQAAIz8=,1740403164.057135,ble-pd-B43A31EF7B26,ble-pd-0C4314F46B3F
127,-85,0,99,CAEQwsLLlcLFr9nQARgBIAEqBwgBFQAAgDsqBwgCFQAAuD4qBwgDFQAAIz8=,1740403164.05814,ble-pd-B43A31EF7B26,ble-pd-0C4314F46B26
127,-79,0,110,CAEQwsLLlcLFr9nQARgBIAEqBwgBFQAAgDsqBwgCFQAAuD4qBwgDFQAAIz8=,1740403164.059216,ble-pd-B43A31EF7B26,ble-pd-0C4314F469CC
127,-73,0,203,CAEQwsLLlcLFr9nQARgBIAEqBwgBFQAAgDsqBwgCFQAAuD4qBwgDFQAAIz8=,1740403164.060228,ble-pd-B43A31EF7B26,ble-pd-0C4314F46CC2
0,-200,0,0,CAEQwsLLlcLFr9nQARgBIAEqBwgBFQAAgDsqBwgCFQAAuD4qBwgDFQAAIz8=,1740403164.078643,ble-pd-B43A31EF7B26,ble-pd-D299A0EB1D6C
0,-200,0,0,CAEQwsLLlcLFr9nQARgBIAEqBwgBFQAAgDsqBwgCFQAAuD4qBwgDFQAAIz8=,1740403164.081326,ble-pd-B43A31EF7B26,ble-pd-C299A0EB1D6C
0,-200,0,0,CAEQwsLLlcLFr9nQARgBIAEqBwgBFQAAgDsqBwgCFQAAuD4qBwgDFQAAIz8=,1740403164.082909,ble-pd-B43A31EF7B26,ble-pd-639AA0EB1D6C
127,-84,0,100,CAEQzs/d9/zM0I4sGAEgASoCCAEqBwgCFQAAMD4qBwgDFQAAVD8=,1740403165.056655,ble-pd-B43A31EF7B26,ble-pd-0C4314F46B26
127,-68,0,111,CAEQzs/d9/zM0I4sGAEgASoCCAEqBwgCFQAAMD4qBwgDFQAAVD8=,1740403165.057154,ble-pd-B43A31EF7B26,ble-pd-0C4314F469CC
127,-79,0,4,CAEQzs/d9/zM0I4sGAEgASoCCAEqBwgCFQAAMD4qBwgDFQAAVD8=,1740403165.058387,ble-pd-B43A31EF7B26,ble-pd-0C4314F46B3F
127,-72,0,204,CAEQzs/d9/zM0I4sGAEgASoCCAEqBwgCFQAAMD4qBwgDFQAAVD8=,1740403165.058803,ble-pd-B43A31EF7B26,ble-pd-0C4314F46CC2
0,-200,0,0,CAEQzs/d9/zM0I4sGAEgASoCCAEqBwgCFQAAMD4qBwgDFQAAVD8=,1740403165.072928,ble-pd-B43A31EF7B26,ble-pd-C299A0EB1D6C
0,-200,0,0,CAEQzs/d9/zM0I4sGAEgASoCCAEqBwgCFQAAMD4qBwgDFQAAVD8=,1740403165.077969,ble-pd-B43A31EF7B26,ble-pd-D299A0EB1D6C
0,-200,0,0,CAEQzs/d9/zM0I4sGAEgASoCCAEqBwgCFQAAMD4qBwgDFQAAVD8=,1740403165.078351,ble-pd-B43A31EF7B26,ble-pd-639AA0EB1D6C
127,-74,0,112,CAEQgdS+5IzS2Il4GAEgASoCCAEqBwgCFQAAqD4qBwgDFQAALD8=,1740403166.055362,ble-pd-B43A31EF7B26,ble-pd-0C4314F469CC
127,-72,0,101,CAEQgdS+5IzS2Il4GAEgASoCCAEqBwgCFQAAqD4qBwgDFQAALD8=,1740403166.057328,ble-pd-B43A31EF7B26,ble-pd-0C4314F46B26
127,-81,0,205,CAEQgdS+5IzS2Il4GAEgASoCCAEqBwgCFQAAqD4qBwgDFQAALD8=,1740403166.057703,ble-pd-B43A31EF7B26,ble-pd-0C4314F46CC2
127,-63,0,5,CAEQgdS+5IzS2Il4GAEgASoCCAEqBwgCFQAAqD4qBwgDFQAALD8=,1740403166.062277,ble-pd-B43A31EF7B26,ble-pd-0C4314F46B3F
0,-200,0,0,CAEQgdS+5IzS2Il4GAEgASoCCAEqBwgCFQAAqD4qBwgDFQAALD8=,1740403166.075363,ble-pd-B43A31EF7B26,ble-pd-C299A0EB1D6C
127,-80,0,102,CAEQrOyq9uW3ofOTARgBIAEqAggBKgcIAhUAAIg+KgcIAxUAADs/,1740403167.055594,ble-pd-B43A31EF7B26,ble-pd-0C4314F46B26
127,-59,0,6,CAEQrOyq9uW3ofOTARgBIAEqAggBKgcIAhUAAIg+KgcIAxUAADs/,1740403167.05983,ble-pd-B43A31EF7B26,ble-pd-0C4314F46B3F
127,-68,0,206,CAEQrOyq9uW3ofOTARgBIAEqAggBKgcIAhUAAIg+KgcIAxUAADs/,1740403167.06111,ble-pd-B43A31EF7B26,ble-pd-0C4314F46CC2
127,-74,0,113,CAEQrOyq9uW3ofOTARgBIAEqAggBKgcIAhUAAIg+KgcIAxUAADs/,1740403167.061487,ble-pd-B43A31EF7B26,ble-pd-0C4314F469CC
0,-200,0,0,CAEQrOyq9uW3ofOTARgBIAEqAggBKgcIAhUAAIg+KgcIAxUAADs/,1740403167.078506,ble-pd-B43A31EF7B26,ble-pd-C299A0EB1D6C
0,-200,0,0,CAEQrOyq9uW3ofOTARgBIAEqAggBKgcIAhUAAIg+KgcIAxUAADs/,1740403167.079752,ble-pd-B43A31EF7B26,ble-pd-D299A0EB1D6C
0,-200,0,0,CAEQrOyq9uW3ofOTARgBIAEqAggBKgcIAhUAAIg+KgcIAxUAADs/,1740403167.086179,ble-pd-B43A31EF7B26,ble-pd-639AA0EB1D6C
127,-74,0,103,CAEQqde6goT4+dSpARgBIAEqAggBKgcIAhUAAJA9KgcIAxUAAG4/,1740403168.055616,ble-pd-B43A31EF7B26,ble-pd-0C4314F46B26
127,-72,0,207,CAEQqde6goT4+dSpARgBIAEqAggBKgcIAhUAAJA9KgcIAxUAAG4/,1740403168.056082,ble-pd-B43A31EF7B26,ble-pd-0C4314F46CC2
127,-63,0,7,CAEQqde6goT4+dSpARgBIAEqAggBKgcIAhUAAJA9KgcIAxUAAG4/,1740403168.073578,ble-pd-B43A31EF7B26,ble-pd-0C4314F46B3F
0,-200,0,0,CAEQqde6goT4+dSpARgBIAEqAggBKgcIAhUAAJA9KgcIAxUAAG4/,1740403168.077181,ble-pd-B43A31EF7B26,ble-pd-D299A0EB1D6C
0,-200,0,0,CAEQqde6goT4+dSpARgBIAEqAggBKgcIAhUAAJA9KgcIAxUAAG4/,1740403168.080163,ble-pd-B43A31EF7B26,ble-pd-C299A0EB1D6C
0,-200,0,0,CAEQqde6goT4+dSpARgBIAEqAggBKgcIAhUAAJA9KgcIAxUAAG4/,1740403168.082868,ble-pd-B43A31EF7B26,ble-pd-639AA0EB1D6C
127,-67,0,114,CAEQqde6goT4+dSpARgBIAEqAggBKgcIAhUAAJA9KgcIAxUAAG4/,1740403168.103955,ble-pd-B43A31EF7B26,ble-pd-0C4314F469CC
127,-83,0,208,CAEQheidjZXszabqARgBIAEqAggBKgcIAhUAALg+KgcIAxUAACQ/,1740403169.056001,ble-pd-B43A31EF7B26,ble-pd-0C4314F46CC2
127,-68,0,115,CAEQheidjZXszabqARgBIAEqAggBKgcIAhUAALg+KgcIAxUAACQ/,1740403169.057041,ble-pd-B43A31EF7B26,ble-pd-0C4314F469CC
127,-61,0,8,CAEQheidjZXszabqARgBIAEqAggBKgcIAhUAALg+KgcIAxUAACQ/,1740403169.05978,ble-pd-B43A31EF7B26,ble-pd-0C4314F46B3F
127,-78,0,104,CAEQheidjZXszabqARgBIAEqAggBKgcIAhUAALg+KgcIAxUAACQ/,1740403169.060341,ble-pd-B43A31EF7B26,ble-pd-0C4314F46B26
0,-200,0,0,CAEQheidjZXszabqARgBIAEqAggBKgcIAhUAALg+KgcIAxUAACQ/,1740403169.076157,ble-pd-B43A31EF7B26,ble-pd-639AA0EB1D6C
0,-200,0,0,CAEQheidjZXszabqARgBIAEqAggBKgcIAhUAALg+KgcIAxUAACQ/,1740403169.07844,ble-pd-B43A31EF7B26,ble-pd-D299A0EB1D6C
0,-200,0,0,CAEQheidjZXszabqARgBIAEqAggBKgcIAhUAALg+KgcIAxUAACQ/,1740403169.07878,ble-pd-B43A31EF7B26,ble-pd-C299A0EB1D6C
127,-78,0,105,CAEQsr/AwsGBjJIzGAEgASoCCAEqBwgCFQAAND8qBwgDFQAAmD4=,1740403170.055514,ble-pd-B43A31EF7B26,ble-pd-0C4314F46B26
127,-64,0,9,CAEQsr/AwsGBjJIzGAEgASoCCAEqBwgCFQAAND8qBwgDFQAAmD4=,1740403170.056487,ble-pd-B43A31EF7B26,ble-pd-0C4314F46B3F
127,-82,0,116,CAEQsr/AwsGBjJIzGAEgASoCCAEqBwgCFQAAND8qBwgDFQAAmD4=,1740403170.057488,ble-pd-B43A31EF7B26,ble-pd-0C4314F469CC
127,-77,0,209,CAEQsr/AwsGBjJIzGAEgASoCCAEqBwgCFQAAND8qBwgDFQAAmD4=,1740403170.064703,ble-pd-B43A31EF7B26,ble-pd-0C4314F46CC2
0,-200,0,0,CAEQsr/AwsGBjJIzGAEgASoCCAEqBwgCFQAAND8qBwgDFQAAmD4=,1740403170.077219,ble-pd-B43A31EF7B26,ble-pd-639AA0EB1D6C
0,-200,0,0,CAEQsr/AwsGBjJIzGAEgASoCCAEqBwgCFQAAND8qBwgDFQAAmD4=,1740403170.079435,ble-pd-B43A31EF7B26,ble-pd-C299A0EB1D6C
0,-200,0,0,CAEQsr/AwsGBjJIzGAEgASoCCAEqBwgCFQAAND8qBwgDFQAAmD4=,1740403170.081081,ble-pd-B43A31EF7B26,ble-pd-D299A0EB1D6C
127,-57,0,10,CAEQ2pOlr/ytnMe/ARgBIAEqAggBKgcIAhUAACw/KgcIAxUAAKg+,1740403171.055367,ble-pd-B43A31EF7B26,ble-pd-0C4314F46B3F
127,-74,0,210,CAEQ2pOlr/ytnMe/ARgBIAEqAggBKgcIAhUAACw/KgcIAxUAAKg+,1740403171.055703,ble-pd-B43A31EF7B26,ble-pd-0C4314F46CC2
127,-74,0,117,CAEQ2pOlr/ytnMe/ARgBIAEqAggBKgcIAhUAACw/KgcIAxUAAKg+,1740403171.057973,ble-pd-B43A31EF7B26,ble-pd-0C4314F469CC
127,-86,0,106,CAEQ2pOlr/ytnMe/ARgBIAEqAggBKgcIAhUAACw/KgcIAxUAAKg+,1740403171.059916,ble-pd-B43A31EF7B26,ble-pd-0C4314F46B26
0,-200,0,0,CAEQ2pOlr/ytnMe/ARgBIAEqAggBKgcIAhUAACw/KgcIAxUAAKg+,1740403171.08038,ble-pd-B43A31EF7B26,ble-pd-C299A0EB1D6C
0,-200,0,0,CAEQ2pOlr/ytnMe/ARgBIAEqAggBKgcIAhUAACw/KgcIAxUAAKg+,1740403171.083998,ble-pd-B43A31EF7B26,ble-pd-D299A0EB1D6C
0,-200,0,0,CAEQ2pOlr/ytnMe/ARgBIAEqAggBKgcIAhUAACw/KgcIAxUAAKg+,1740403171.102678,ble-pd-B43A31EF7B26,ble-pd-639AA0EB1D6C
127,-70,0,211,CAEQ0bfF47zjvMceGAEgASoCCAEqBwgCFQAAZT8qBwgDFQAA2D0=,1740403172.05604,ble-pd-B43A31EF7B26,ble-pd-0C4314F46CC2
127,-81,0,118,CAEQ0bfF47zjvMceGAEgASoCCAEqBwgCFQAAZT8qBwgDFQAA2D0=,1740403172.059112,ble-pd-B43A31EF7B26,ble-pd-0C4314F469CC
127,-75,0,107,CAEQ0bfF47zjvMceGAEgASoCCAEqBwgCFQAAZT8qBwgDFQAA2D0=,1740403172.05964,ble-pd-B43A31EF7B26,ble-pd-0C4314F46B26
127,-54,0,11,CAEQ0bfF47zjvMceGAEgASoCCAEqBwgCFQAAZT8qBwgDFQAA2D0=,1740403172.061389,ble-pd-B43A31EF7B26,ble-pd-0C4314F46B3F
0,-200,0,0,CAEQ0bfF47zjvMceGAEgASoCCAEqBwgCFQAAZT8qBwgDFQAA2D0=,1740403172.089707,ble-pd-B43A31EF7B26,ble-pd-639AA0EB1D6C
0,-200,0,0,CAEQ0bfF47zjvMceGAEgASoCCAEqBwgCFQAAZT8qBwgDFQAA2D0=,1740403172.09459,ble-pd-B43A31EF7B26,ble-pd-D299A0EB1D6C
0,-200,0,0,CAEQ0bfF47zjvMceGAEgASoCCAEqBwgCFQAAZT8qBwgDFQAA2D0=,1740403172.109718,ble-pd-B43A31EF7B26,ble-pd-C299A0EB1D6C
127,-73,0,119,CAEQj66PuYzXo4dAGAEgASoCCAEqBwgCFQAAEj8qBwgDFQAA3D4=,1740403173.054361,ble-pd-B43A31EF7B26,ble-pd-0C4314F469CC
127,-72,0,212,CAEQj66PuYzXo4dAGAEgASoCCAEqBwgCFQAAEj8qBwgDFQAA3D4=,1740403173.056519,ble-pd-B43A31EF7B26,ble-pd-0C4314F46CC2
127,-77,0,108,CAEQj66PuYzXo4dAGAEgASoCCAEqBwgCFQAAEj8qBwgDFQAA3D4=,1740403173.056936,ble-pd-B43A31EF7B26,ble-pd-0C4314F46B26
127,-54,0,12,CAEQj66PuYzXo4dAGAEgASoCCAEqBwgCFQAAEj8qBwgDFQAA3D4=,1740403173.064126,ble-pd-B43A31EF7B26,ble-pd-0C4314F46B3F
0,-200,0,0,CAEQj66PuYzXo4dAGAEgASoCCAEqBwgCFQAAEj8qBwgDFQAA3D4=,1740403173.080565,ble-pd-B43A31EF7B26,ble-pd-639AA0EB1D6C
0,-200,0,0,CAEQj66PuYzXo4dAGAEgASoCCAEqBwgCFQAAEj8qBwgDFQAA3D4=,1740403173.0854,ble-pd-B43A31EF7B26,ble-pd-D299A0EB1D6C
0,-200,0,0,CAEQj66PuYzXo4dAGAEgASoCCAEqBwgCFQAAEj8qBwgDFQAA3D4=,1740403173.090637,ble-pd-B43A31EF7B26,ble-pd-C299A0EB1D6C
127,-51,0,13,CAEQ7L6ZvLS38Z8QGAEgASoCCAEqBwgCFQAA8D0qBwgDFQAAYT8=,1740403174.058036,ble-pd-B43A31EF7B26,ble-pd-0C4314F46B3F
